date,IGAE,T_EMP_MAN,ISBSVM,IAI,X,M,TDU,REMESAS,M4,ANTAD,GASOLINAS,PROD_VEH,INPC,CONF_CONS,CONF_MAN,PEDIDOS_MANU,CONF_COM,CONF_SERV,U_US,TOTAL_NONFARM,TOTAL_CONSTR,TOTAL_MANUF,TOTAL_SERV,MANUF_USA,IPI_EUA,SP_500,IMSS,IPC,TC,TIIE_28,SPEI,TARJETAS,PRECIO,IMEF,OCUP_HOT ,MOVILIDAD,SATELITES
1991/01,,,,,,,,,,,,76098,9.883879895,,,,,,6.4,109058,4972,17330,67523,57.3013,61.0842,,,622.99,,,,,,,,,
1991/02,,,,,,,,,,,,68642,10.05642472,,,,,,6.6,108735,4929,17213,67352,56.8799,60.6387,,,659.16,,,,,,,,,
1991/03,,,,,,,,,,,,66426,10.19983964,,,,,,6.8,108568,4881,17140,67303,56.4856,60.2973,,,803.35,,,,,,,,,
1991/04,,,,,,,,,,,,80176,10.30668755,,,,,,6.7,108350,4842,17093,67178,56.731,60.4524,,,901.14,,,,,,,,,
1991/05,,,,,,,,,,,,82061,10.40744167,,,,,,6.9,108253,4800,17071,67136,57.1412,61.0587,,,1096.17,,,,,,,,,
1991/06,,,,,,,,,,,,79461,10.51664758,,,,,,6.9,108330,4782,17045,67196,57.7026,61.5514,,,1058.02,,,,,,,,,
1991/07,,,,,,,,,,,,90528,10.60958427,,,,,,6.8,108290,4752,17015,67184,58.0287,61.7201,,,1193.65,,,,,,,,,
1991/08,,,,,,,,,,,,79742,10.68342298,,,,,,6.9,108299,4733,17026,67238,58.0766,61.7289,,,1254.6,,,,,,,,,
1991/09,,,,,,,,,,,,70549,10.78985037,,,,,,6.9,108335,4728,17010,67325,58.7061,62.2369,,,1257.27,,,,,,,,,
1991/10,,,,,,,,,,,,101688,10.91534274,,,,,,7,108361,4698,16999,67349,58.6294,62.1718,,,1371.01,,,,,,,,,
1991/11,,,,,,,,,,,,91256,11.1863741,,,,,,7,108300,4640,16961,67357,58.519,62.0894,,,1384.18,3.068176471,,,,,,,,
1991/12,,,,,,,,,,,,74256,11.44967987,,,,,,7.3,108330,4647,16917,67415,58.3786,61.806,,,1431.46,3.06983871,,,,,,,,
1992/01,,,,,,,,,,,,92395,11.65777847,,,,,,7.3,108365,4667,16839,67464,58.0666,61.4823,,,1623.47,3.069222581,,,,,,,,
1992/02,,,,,,,,,,,,80611,11.79590044,,,,,,7.4,108313,4612,16828,67483,58.6297,61.9192,,,1860.63,3.063948276,,,,,,,,
1992/03,,,,,,,,,,,,99611,11.91594772,,,,,,7.4,108367,4621,16805,67526,59.2545,62.4403,,,1875.73,3.067512903,,,,,,,,
1992/04,,,,,,,,,,,,86904,12.02217132,,,,,,7.4,108517,4603,16830,67647,59.5935,62.9199,,,1838.3,3.068413333,,,,,,,,
1992/05,,,,,,,,,,,,91840,12.10143789,,,,,,7.6,108647,4605,16835,67759,59.9495,63.1268,,,1892.33,3.098112903,,,,,,,,
1992/06,,,,,,,,,,,,101180,12.18334519,,,,,,7.8,108707,4584,16826,67847,60.1489,63.1624,,,1599.26,3.118903333,,,,,,,,
1992/07,,,,,,,,,,,,86162,12.26027241,,,,,,7.7,108792,4570,16820,67900,60.7158,63.7348,,,1569.73,3.116080645,,,,,,,,
1992/08,,,,,,,,,,,,75595,12.33559223,,,,,,7.6,108916,4581,16782,67989,60.4337,63.3802,,,1400.37,3.090793548,,,,,,,,
1992/09,,,,,,,,,,,,84463,12.44289652,,,,,,7.6,108952,4584,16760,68104,60.5368,63.5834,,,1327.07,3.08631,,,,,,,,
1992/10,,,,,,,,,,,,96725,12.53249354,,,,,,7.3,109138,4600,16751,68281,60.9187,64.0178,,,1597.33,3.122467742,,,,,,,,
1992/11,,,,,,,,,,,,81131,12.63662034,,,,,,7.4,109283,4606,16758,68401,61.1649,64.2628,,,1715.69,3.119863333,,,,,,,,
1992/12,,,,,,,,,,,,74562,12.81655348,,,,,,7.4,109502,4630,16770,68548,61.1059,64.3599,,,1759.44,3.117906452,,,,,,,,
1993/01,56.27322371,,,63.16057905,3906.074154,5065.204972,,,,,,78042,12.97731976,,,,,,7.3,109790,4664,16790,68758,61.6691,64.6135,438.779999,,1653.22,3.110467742,,,,,,,,
1993/02,57.71449994,,,65.60295615,4003.57205,5340.327446,,,,,,91580,13.08334531,,,,,,7.1,110048,4714,16804,68958,61.8348,64.9262,443.380005,,1546.68,3.098935714,,,,,,,,
1993/03,57.83277381,,,66.5351829,4029.365849,5300.889758,,,,,,102534,13.15959369,,,,,,7,110004,4676,16795,68955,61.7074,64.8627,451.670013,,1771.71,3.10903871,,,,,,,,
1993/04,57.18351116,,,65.1763836,4205.883794,5464.791683,,,,,,93187,13.2354804,,,,,,7.1,110300,4690,16772,69231,62.0225,65.0423,440.190002,,1665.41,3.094973333,,,,,,,,
1993/05,57.89555745,,,65.33463159,4162.713933,5435.821595,,,,,,90425,13.31113749,,,,,,7.1,110571,4753,16766,69430,61.9671,64.8006,450.190002,,1612.99,3.122190323,,,,,,,,
1993/06,57.44510454,,,64.86799503,4425.602865,5538.807253,,,,,,87155,13.38579712,,,,,,7,110742,4760,16742,69607,61.8618,64.9476,450.529999,,1670.29,3.121393333,,,,,,,,
1993/07,58.30237146,,,65.51394876,4388.493631,5809.686094,,,,,,72897,13.45012344,,,,,,6.9,111054,4783,16740,69810,62.0243,65.1142,448.130005,,1769.71,3.123993548,,,,,,,,
1993/08,58.06850506,,,65.67426455,4176.494698,5211.587589,,,,,,69510,13.52211219,,,,,,6.8,111200,4806,16740,69970,61.9303,65.0421,463.559998,,1905.59,3.1132,,,,,,,,
1993/09,57.84342371,,,65.56328287,4423.641734,5537.518502,,,,,,83754,13.62226067,,,,,,6.7,111449,4823,16770,70155,62.386,65.3749,458.929993,,1840.72,3.11267,,,,,,,,
1993/10,57.74587959,,,65.80471037,4785.332528,5581.435104,,,,,,85558,13.67797303,,,,,,6.8,111734,4868,16778,70387,62.9301,65.863,467.829987,,2020.26,3.115396774,,,,,,,,
1993/11,57.59558287,,,65.86482215,4475.126089,5289.655688,,,,,,102120,13.73830236,,,,,,6.6,111988,4887,16800,70574,63.2253,66.1696,461.790009,,2215.69,3.151623333,,,,,,,,
1993/12,58.48315626,,,66.87379676,4793.022331,5724.946047,,,,,,98459,13.8430549,,,,,,6.5,112324,4925,16815,70802,63.6417,66.5531,466.450012,,2602.63,3.107541935,,,,,,,,
1994/01,58.74183074,,,67.271614,4584.667119,6068.576959,,,,,,89820,13.95037498,,,,,,6.6,112601,4940,16855,70989,63.7145,66.7591,481.609985,,2781.37,3.107258065,,,,,,,,
1994/02,58.7224224,,,66.79077596,4745.706063,6405.134546,,,,,,90983,14.02212406,,,,,,6.6,112782,4923,16862,71181,63.8211,66.8019,467.140015,,2585.44,3.117,,,,,,,,
1994/03,59.18326136,,,67.94940137,4769.977167,6205.467153,,,,,,97139,14.09422476,,,,,,6.5,113245,4990,16897,71505,64.6741,67.4704,445.769989,,2410.38,3.291206452,,,,,,,,
1994/04,60.43764096,,,70.81870425,4763.438202,6427.805079,,,,,,98901,14.1632513,,,,,,6.4,113589,5047,16933,71725,65.2646,67.8707,450.910004,,2294.1,3.353186667,,,,,,,,
1994/05,60.32570405,,,68.34981686,4913.384012,6520.384005,,,,,,86062,14.23168224,,,,,,6.1,113922,5084,16961,71955,65.6979,68.187,456.5,,2483.73,3.312654839,,,,,,,,
1994/06,60.4394251,,,68.35853638,5100.043844,6714.856752,,,,,,100512,14.30289457,,,,,,6.1,114239,5097,17009,72201,65.937,68.645,444.269989,,2262.58,3.360346667,,,,,,,,
1994/07,59.94157181,,,68.22806194,5076.106598,6775.270395,,,,,,70983,14.36632677,,,,,,6.1,114608,5125,17025,72500,66.2287,68.7317,458.26001,,2462.27,3.400803226,,,,,,,,
1994/08,60.47737424,,,69.08077873,5048.092224,6697.955997,,,,,,87953,14.43328665,,,,,,6,114903,5139,17081,72721,66.7752,69.1882,475.48999,,2702.73,3.381541935,,,,,,,,
1994/09,60.85901215,,,69.27457224,5014.319866,6592.694109,,,,,,88922,14.53593664,,,,,,5.9,115247,5175,17114,72963,67.0274,69.3935,462.709991,,2746.11,3.4016,,,,,,,,
1994/10,61.08738197,,,68.86847495,5354.157275,6975.839381,,,,,,94268,14.6122453,,,,,,5.8,115457,5177,17144,73139,67.7115,69.9576,472.350006,,2552.08,3.415541935,,,,,,,,
1994/11,61.30727516,,,68.6368234,5892.071138,7073.54181,,,,,,104227,14.69036086,,,,,,5.6,115868,5210,17186,73452,68.272,70.4288,453.690002,,2591.34,3.442693333,,,,,,,,
1994/12,60.76658247,,,68.45758929,5567.76378,6963.661642,,,,,,87611,14.81920437,,,,,,5.5,116173,5226,17218,73689,69.033,71.1273,459.269989,,2375.66,3.900780645,,,,,,,,
1995/01,60.87218259,,,69.3807743,6289.368396,6438.621868,,254.5724,,,,83062,15.37699094,,,,,,5.6,116505,5234,17262,73961,69.16,71.2635,470.420013,,2093.98,5.515564516,,,,,,,,
1995/02,57.0100784,,,63.05601244,6322.856027,5965.593006,,248.0605,,,,78596,16.02870735,,,,,,5.4,116694,5192,17266,74182,68.9793,71.1758,487.390015,,1549.84,5.690982143,,,,,,,,
1995/03,56.7302699,,,62.34954714,6328.195506,6124.541449,,287.3645,,,,80230,16.9736172,,,,,,5.4,116908,5242,17263,74330,69.1652,71.2796,500.709991,,1832.83,6.778225806,89.4825,,,,,,,
1995/04,55.11072669,,,59.31942923,6220.485057,5527.021049,,298.9135,,,,69440,18.32613326,,,,,,5.8,117065,5252,17278,74457,68.972,71.1538,514.710022,,1960.54,6.294013333,85.220375,,,,,,,
1995/05,54.71056768,,,59.24644792,6578.336183,5770.364683,,357.7396,,,,73608,19.09209019,,,,,,5.6,117047,5220,17258,74510,69.2195,71.4997,533.400024,,1945.13,5.951264516,60.44625,,,,,,,
1995/06,55.29479437,,,59.55760943,6546.871785,5854.610676,,352.3695,,,,75675,19.69802427,,,,,,5.6,117291,5250,17247,74709,69.5431,71.7327,544.75,,2196.08,6.22215,49.5,,,,,,,
1995/07,55.70220691,,,60.04150077,6439.329349,5734.750565,,342.8993,,,,65755,20.09958836,,,,,,5.7,117382,5262,17218,74826,69.0864,71.4334,562.059998,,2375.17,6.144396774,43,,,,,,,
1995/08,56.11547196,,,60.14202686,6954.260925,6170.707414,,362.2739,,,,71466,20.43298127,,,,,,5.7,117646,5286,17240,75053,69.9233,72.3723,561.880005,,2516.99,6.191474194,37.59854,,,,,,,
1995/09,56.62647243,,,61.11542224,7030.198306,6214.157929,,314.1492,,,,74894,20.85564253,,,,,,5.6,117873,5324,17247,75235,70.5596,72.6543,584.409973,,2392.26,6.299133333,35.480125,,,,,,,
1995/10,55.36475286,,,58.57058933,6732.487096,6034.911515,,324.5033,,,,96377,21.28476212,,,,,,5.5,118026,5353,17216,75356,70.5066,72.5336,581.5,,2302.01,6.703758065,42.6075,,,,,,,
1995/11,57.16389073,,,62.52318282,6868.981927,6196.748987,,255.5922,,,,88106,21.80960838,,,,,,5.6,118165,5358,17208,75502,70.5872,72.717,605.369995,,2689,7.66897,57.43424,,,,,,,
1995/12,59.20698411,,,66.74640931,7210.246363,6476.471227,,274.2883,,,,78365,22.52016727,,,,,,5.6,118325,5344,17231,75649,70.8701,72.9638,615.929993,,2778.47,7.664467742,51.356275,,,,,,,
1996/01,59.15072382,,,66.27490554,7441.043253,6551.478341,,313.5091,,,,102378,23.32975376,,,,,,5.6,118317,5355,17208,75671,70.421,72.5712,636.02002,,3034.65,7.505751613,42.657525,,,16.273,,,,
1996/02,58.59577427,,,65.61432009,7395.754119,6887.49686,,281.9257,,,,103383,23.87426203,,,,,,5.5,118737,5415,17230,75971,71.4703,73.6207,640.429993,,2832.54,7.496734483,40.1055,,,16.48941176,,,,
1996/03,59.11389177,,,67.00922391,7495.573277,6892.648343,,337.3185,,,,96854,24.39982588,,,,,,5.5,118992,5446,17193,76184,71.2897,73.5141,645.5,,3072.4,7.571367742,42.9292,,,18.31736842,,,,
1996/04,58.83010337,,,66.05265739,7751.073081,7148.371601,,393.3877,,,,95838,25.09344962,,,,,,5.6,119158,5474,17204,76327,72.1857,74.2491,654.169983,,3187.19,7.470266667,36.61375,,,19.58894737,,,,
1996/05,59.63488709,,,67.48767776,7871.647484,7458.027996,,413.542,,,,110508,25.5508423,,,,,,5.6,119496,5498,17222,76609,72.78,74.8142,669.119995,,3205.51,7.43556129,30.30954545,,,17.79882353,,,,
1996/06,60.12203328,,,68.60422336,7696.156132,7035.877503,,365.2451,,,,108540,25.96690173,,,,,,5.3,119770,5534,17226,76843,73.5011,75.3726,670.630005,,3210.83,7.5454,30.10525,,,17.00611111,,,,
1996/07,60.16811565,,,68.40951311,7886.779323,7452.527105,,373.6705,,,,93943,26.33603069,,,,,,5.5,120019,5557,17222,77055,73.8345,75.3738,639.950012,,3007.24,7.622674194,33.48978261,,,17.68473684,,,,
1996/08,60.17266135,,,68.42510371,8057.363297,7653.037535,,386.0666,,,,107627,26.68607171,,,,,,5.1,120198,5586,17256,77215,74.1465,75.7557,651.98999,,3305.47,7.516419355,29.35761364,,,18.64473684,,,,
1996/09,60.64312864,,,68.61036706,8371.325204,7786.227971,,339.2533,,,,100870,27.11275149,,,,,,5.2,120400,5610,17251,77337,74.764,76.2302,687.330017,,3236.32,7.544143333,26.82225,,,20.96777778,,,,
1996/10,61.1164424,,,69.88637511,8398.672084,8111.649758,,348.901,,,,114734,27.45116754,,,,,,5.2,120665,5643,17268,77565,74.651,76.2157,705.27002,,3213.33,7.685322581,28.68456522,,,22.34227273,,,,
1996/11,61.92742252,,,70.64685853,8560.280788,8090.273142,,315.6016,,,,99784,27.86708345,,,,,,5.4,120947,5668,17277,77798,75.3157,76.8973,757.02002,,3291.69,7.926713333,32.284,,,20.65875,,,,
1996/12,62.31588689,,,72.53879387,8551.590477,7668.611802,,355.2609,,,,85036,28.75933645,,,,,,5.4,121143,5675,17284,77973,75.9375,77.3772,740.73999,,3361.03,7.873277419,29.91925,,,21.494,,,,
1997/01,62.02905746,,,70.74195392,8922.568775,8183.9988,,338.6477,,,,109486,29.49888603,,,,,,5.3,121357,5675,17297,78146,76.0186,77.5135,786.159973,,3647.17,7.831832258,25.95977273,,,20.80333333,,,,
1997/02,62.27026077,,,71.20014987,8638.203315,8290.392187,,331.5918,,,,102219,29.99459809,,,,,,5.2,121674,5722,17315,78392,77.0573,78.4255,790.820007,,3840.98,7.795967857,22.10631579,,,17.86722222,,,,
1997/03,62.65200516,,,71.78279628,8839.850917,8573.089268,,381.9072,,,,99114,30.36788907,,,,,,5.2,121991,5751,17340,78644,77.8413,78.9197,757.119995,,3747.98,7.946770968,23.95083333,,,16.501875,,,,
1997/04,63.29114987,,,72.54947606,8900.8074,8789.304351,,425.5386,,,,109303,30.69597181,,,,,,5.1,122288,5764,17351,78918,77.7352,78.9848,801.340027,,3756.61,7.90451,23.98034091,,,15.6825,,,,
1997/05,63.90557587,,,73.57578232,8830.635874,8746.119476,,486.6894,,,,120675,30.97611945,,,,,,4.9,122560,5793,17364,79148,78.3054,79.4296,848.280029,,3968.81,7.911187097,20.64725,,,16.81857143,,,,
1997/06,64.59367548,,,74.41474071,9262.080559,9104.570982,,453.5596,,,,120020,31.25095691,,,,,,5,122816,5793,17387,79322,78.787,79.7971,885.140015,,4457.97,7.945243333,22.53166667,,,15.265,,,,
1997/07,64.55178426,,,74.99816207,9265.811861,9349.142592,,441.6863,,,,110942,31.52321104,,,,,,4.9,123114,5817,17388,79567,79.3651,80.4666,954.309998,10227752,5067.83,7.884741935,20.49521739,,,15.75,,,,
1997/08,65.10790819,,,75.54216107,9231.716827,9382.578865,,428.9022,,,,103504,31.8035022,,,,,,4.8,123086,5846,17453,79516,80.3864,81.2825,899.469971,10291473,4648.41,7.78386129,20.63678571,,,16.14631579,,,,
1997/09,65.42088102,,,75.67806732,9330.105358,9542.452811,,431.4678,,,,123802,32.19961259,,,,,,4.9,123575,5874,17465,79900,81.1045,82.0327,947.280029,10460841,5321.5,7.780306667,20.23425,,,16.14578947,,,,
1997/10,66.37991208,,,76.61003138,9537.990954,9649.663474,,421.6681,,,,134319,32.45694082,,,,,,4.7,123924,5883,17514,80131,81.8382,82.7656,914.619995,10607271,4647.84,7.7968,19.69717391,,,17.45272727,,,,
1997/11,66.94968235,,,77.16230934,9869.828867,9978.451665,,343.4307,,,,121383,32.82004201,,,,,,4.6,124226,5899,17556,80354,82.7018,83.427,955.400024,10682883,4974.57,8.29472,22.17131579,,,16.404375,,,,
1997/12,66.76652455,,,77.32520811,9613.844048,9865.545008,,379.755,,,,101081,33.27987451,,,,,,4.7,124549,5938,17587,80599,83.1467,83.784,970.429993,10536717,5229.35,8.13196129,20.48190476,,,13.675,,,,
1998/01,67.16592479,,,78.26206814,9671.047567,10242.44509,,382.5317,,,,110435,34.00392411,,,,,,4.6,124806,5983,17619,80775,83.8355,84.1564,980.280029,10650123,4569.36,8.18743871,19.7402381,,,11.75684211,,,,
1998/02,68.04544605,,,79.41831396,9579.691494,10289.98576,,366.3982,,,,114641,34.59923784,,,,,,4.6,125017,5997,17627,80949,83.9471,84.3066,1049.339966,10749014,4784.45,8.487171429,20.51578947,,,11.08222222,,,,
1998/03,68.56305191,,,79.95668491,9934.382443,10500.71178,,427.1949,,,,137012,35.0045334,,,,,,4.7,125165,5969,17637,81110,83.7769,84.342,1101.75,10885713,5016.22,8.568635484,21.68931818,,,9.604090909,,,,
1998/04,68.60981751,,,79.54482329,10019.08074,10536.54584,,439.995,,,,118868,35.33204206,,,,,,4.3,125446,6049,17637,81290,84.1489,84.6339,1111.75,10971363,5098.53,8.50291,20.55175,,,10.56210526,,,,
1998/05,68.49728356,,,79.96615789,9902.201068,10477.92009,,520.3739,,,,131875,35.61348136,,,,,,4.4,125846,6087,17624,81609,84.6157,85.1867,1090.819946,10955167,4530.01,8.564393548,19.89526316,,,11.00866667,,,,
1998/06,68.1464154,,,79.06131663,9670.331672,10297.6675,,503.4876,,,,129527,36.03442041,,,,,,4.5,126076,6130,17607,81812,83.9391,84.6809,1133.839966,11028169,4282.62,8.89559,21.46954545,,,9.915714286,,,,
1998/07,68.64608625,,,79.249082,9261.44867,10292.51445,,494.3256,,,,97516,36.38187811,,,,,,4.5,126211,6172,17423,82043,83.5088,84.3445,1120.670044,11120557,4244.96,8.905164516,21.88043478,,,10.24681818,,,,
1998/08,68.91130449,,,79.72895124,9394.166114,10236.51654,,486.607,,,,121312,36.7316321,,,,,,4.5,126546,6215,17563,82167,85.648,86.0816,957.280029,11186179,2991.93,9.268283871,25.78071429,,,9.69,,,,
1998/09,68.61325633,,,79.51361729,9626.648426,10519.63626,,476.2905,,,,121592,37.32737639,,,,,,4.6,126744,6225,17557,82340,85.5766,86.0023,1017.01001,11283472,3569.88,10.23312333,42.0395,,,10.9035,,,,
1998/10,68.52107242,,,79.69457538,9826.838283,10499.74034,,454.6739,,,,141607,37.86226893,,,,,,4.5,126948,6262,17512,82541,86.3166,86.591,1098.670044,11376307,4074.86,10.16630645,37.65431818,,,10.54809524,,,,
1998/11,68.65027603,,,79.66262466,10273.75419,10818.41616,,460.6924,,,,117452,38.53278623,,,,,,4.4,127223,6301,17466,82784,86.4231,86.5115,1163.630005,11422969,3769.88,9.998773333,34.77578947,,,9.411176471,,,,
1998/12,69.00346524,,,80.35972392,10278.14565,10599.36241,,614.271,,,,117326,39.47297432,,,,,,4.4,127595,6378,17449,83062,86.9318,86.8615,1229.22998,11243230,3959.66,9.901145161,36.69113636,,,7.562631579,,,,
1999/01,69.53203269,,,80.4222703,10095.96264,10589.45296,,399.6423,,,,116951,40.46977028,,,,,,4.3,127699,6357,17427,83214,87.1748,87.2205,1279.640015,11298350,3957.93,10.12047097,35.7955,,,8.827368421,,,,
1999/02,69.45370295,,,80.46416753,10345.02078,10798.83085,,388.8511,,,,120125,41.01364281,,,,,,4.4,128118,6429,17395,83540,87.9807,87.726,1238.329956,11427884,4260.8,10.01123571,32.20526316,,,8.220526316,,,,
1999/03,69.6949632,,,80.63977447,10685.82708,11085.28901,,464.8977,,,,132976,41.39468378,,,,,,4.2,128234,6402,17368,83688,87.955,87.9125,1286.369995,11529657,4930.37,9.762616129,26.87043478,,,10.81086957,,,,
1999/04,69.83156172,,,81.30405987,10760.06794,11307.60516,,469.1828,,,,123574,41.77457661,,,,,,4.3,128596,6480,17343,83934,88.2945,88.1082,1335.180054,11595331,5414.45,9.45919,22.54025,,,13.65210526,,,,
1999/05,70.11295722,,,80.63495969,11090.84198,11644.84521,,571.562,,,,132815,42.02587708,,,,,,4.2,128813,6516,17333,84139,89.0293,88.6483,1301.839966,11616028,5477.65,9.367535484,22.52,,,13.51722222,,,,
1999/06,69.81329152,,,80.26283657,11344.02839,11814.78417,,521.9225,,,,142812,42.3020062,,,,,,4.3,129084,6547,17294,84379,88.8223,88.5903,1372.709961,11650220,5829.51,9.538336667,23.59522727,,,13.95272727,,,,
1999/07,70.34159219,,,80.43962062,11511.25391,11859.41425,,506.6642,,,,115035,42.58157977,,,,,,4.3,129421,6571,17308,84609,89.2473,89.1098,1328.719971,11699653,5260.35,9.365641935,22.11113636,,,16.48047619,,,,
1999/08,70.23310359,,,80.64678803,11789.38203,12146.50455,,532.0997,,,,137725,42.82125526,,,,,,4.2,129572,6586,17287,84730,89.711,89.5007,1320.410034,11795913,5086.87,9.397980645,23.1275,,,18.41380952,,,,
1999/09,70.92239689,,,81.56927416,11681.23636,12210.96701,,490.4829,,,,138807,43.23501839,,,,,,4.2,129772,6613,17282,84882,89.31,89.1304,1282.709961,11918475,5050.46,9.340613333,22.040375,,,20.71368421,,,,
1999/10,70.8191556,,,81.00495391,11885.0901,12504.68577,,474.5069,,,,131149,43.50885123,,,,,,4.1,130178,6640,17274,85215,90.6591,90.2709,1362.930054,11992623,5450.37,9.541651613,20.63119048,,,19.8095,,,,
1999/11,70.99422004,,,81.69294273,12396.70394,12660.8325,,502.0073,,,,128443,43.89577645,,,,,,4.1,130467,6687,17282,85410,91.2719,90.7528,1388.910034,12148037,6136.47,9.414993333,19.00571429,,,21.57578947,,,,
1999/12,71.68239423,,,82.26685756,12447.53752,12849.43713,,587.7353,,,,123967,44.33551639,,,,,,4,130783,6709,17279,85662,91.9373,91.4784,1469.25,11905112,7129.88,9.420387097,18.74545455,,,22.40157895,,,,
2000/01,73.62923925,,,83.795254,13051.44961,13628.20041,,456.2456,,,,132336,44.93083012,,,,,,4,131011,6752,17284,85811,92.0039,91.4092,1394.459961,12034095,6585.67,9.48693871,18.55119048,,,22.67421053,,,,
2000/02,73.15452896,,,84.59653891,13449.64522,13701.81016,,447.187,,,,143389,45.32938031,,,,,,4.1,131121,6730,17284,85914,92.2528,91.7245,1366.420044,12158433,7368.55,9.440317241,18.15190476,,,25.016,,,,
2000/03,73.10904579,,,85.18024134,12926.46207,13367.93536,,494.4502,,,,165198,45.58068078,,,,,,4,131604,6811,17302,86165,92.8958,92.083,1498.579956,12258841,7473.25,9.2969,15.76909091,,,25.26952381,,,,
2000/04,73.24520936,,,84.69057783,13146.0272,13855.65315,,498.8308,,,,147021,45.84001827,,,,,,3.8,131883,6794,17299,86392,93.5175,92.6659,1452.430054,12254009,6640.68,9.383803333,14.73694444,,,21.05235294,,,,
2000/05,73.82034137,,,85.3318113,13557.48602,14361.43937,,590.7496,,,,163670,46.01137907,,,,,,4,132105,6770,17278,86312,93.5818,92.9347,1420.599976,12345063,5961.14,9.502196774,15.91714286,,,24.579,,,,
2000/06,74.33666109,,,86.07551965,13807.32074,14428.89905,,541.5775,,,,178940,46.28392024,,,,,,4,132062,6778,17295,86505,93.7336,93.0018,1454.599976,12405558,6948.33,9.78969,17.43795455,,,26.47818182,,,,
2000/07,74.77628231,,,86.84799611,13977.57393,14910.94702,,557.598,,,,152158,46.46446621,,,,,,4,132228,6794,17322,86644,93.831,92.8373,1430.829956,12494633,6514.21,9.485648387,15.12571429,,,24.41736842,,,,
2000/08,74.33486868,,,85.80728748,14368.64536,15104.17943,,608.0612,,,,181158,46.71978519,,,,,,4.1,132234,6796,17287,86714,93.2285,92.591,1517.680054,12554723,6664.82,9.283545161,16.61554348,,,25.48954545,,,,
2000/09,74.34741862,,,85.38528872,14056.17162,15058.15182,,568.5493,,,,171494,47.0610716,,,,,,3.9,132338,6807,17229,86962,93.7099,92.9827,1436.51001,12605656,6334.56,9.330676667,16.77005714,,,27.9925,,,,
2000/10,74.38696109,,,85.22054167,14697.64868,15253.74463,,559.5235,,,,192379,47.38513583,,,,,,3.9,132352,6814,17217,86971,93.4156,92.64,1429.400024,12724493,6394.24,9.522377419,17.38016818,,,26.80818182,,,,
2000/11,74.18589617,,,84.31680195,14484.29309,15208.56888,,583.1218,,,,165608,47.79028786,,,,,,3.9,132556,6817,17202,87172,93.1741,92.6604,1314.949951,12777514,5652.63,9.52181,18.64225,,,26.35444444,,,,
2000/12,73.49752876,,,82.2589413,14545.23589,15426.3592,,666.8485,2030.929379,,,133934,48.30767118,,,,,,3.9,132716,6792,17181,87338,92.6146,92.3457,1320.280029,12437760,5652.19,9.457416129,18.39402778,,,19.46529412,,,,
2001/01,74.18275194,,,85.4591113,13862.98388,14662.63127,,654.982,1984.585651,56.92836693,,158515,48.57547625,,,,,,4.2,132703,6824,17105,87333,92.2483,91.8908,1366.01001,12525949,6496.89,9.767987097,18.61909091,,,20.12761905,,,,
2001/02,73.58903489,,,84.36580984,13600.39082,14375.12241,,637.6737,2006.442967,47.96303601,,147414,48.54332816,,,,,,4.2,132788,6841,17030,87404,91.7312,91.2851,1239.939941,12559358,6032.1,9.701839286,18.11921053,,,20.79277778,,,,
2001/03,73.40966699,,,83.34622611,14011.68122,14766.66919,,718.055,2030.52902,52.30834459,,166713,48.85088778,,,,,,4.3,132751,6862,16938,87396,91.5568,91.0585,1160.329956,12530250,5727.89,9.615767742,17.28095238,,,18.57095238,,,,
2001/04,73.28173381,,,82.56365843,13733.57956,14746.46821,,734.8058,2048.331453,55.27700867,,144761,49.09730863,,,,,,4.4,132457,6844,16802,87210,91.1679,90.7384,1249.459961,12534173,5987.25,9.344456667,16.36105263,,,18.12555556,,,,
2001/05,73.15094649,,,83.10976962,13170.51459,14037.8518,,798.2438,2074.295797,56.36298509,,162290,49.20997046,,,,,,4.3,132409,6849,16660,87262,90.5909,90.2607,1255.819946,12505105,6595.39,9.15006129,14.09125,,,20.033,,,,
2001/06,73.26095493,,,82.9000949,13350.57977,13965.87484,,747.837,2105.512777,55.16985237,,163618,49.32636377,,,,,,4.5,132299,6840,16513,87199,90.0299,89.7811,1224.380005,12418906,6666.17,9.09773,11.64392857,,,20.64857143,,,,
2001/07,73.09063721,,,82.91310545,12875.85365,13554.33392,,796.5951,2117.781149,64.20122914,,132450,49.19820196,,,,,,4.6,132171,6845,16381,87150,89.5076,89.2352,1211.22998,12416576,6474.4,9.160748387,11.09954545,,,19.69952381,,,,
2001/08,73.53188687,,,82.90433153,13020.78517,13678.20815,,789.3075,2153.26007,57.22730792,,155249,49.48968755,,,,,,4.9,132021,6827,16233,87135,89.1799,89.157,1133.579956,12406096,6310.7,9.124280645,9.289782609,,,20.40681818,,,,
2001/09,73.40112938,,,83.1811864,12978.94548,13783.31523,,772.0803,2181.575634,56.19780802,,156837,49.95038115,,,,,,5,131763,6813,16116,86986,88.8169,88.6749,1040.939941,12358665,5403.53,9.38729,10.9475,,,20.81588235,,,,
2001/10,72.61124037,,,81.57668808,12821.76692,13702.827,,792.8295,2214.295621,54.41397949,,175165,50.17613537,,,,,,5.3,131452,6804,15973,86798,88.4199,88.4051,1059.780029,12423519,5537.04,9.360006452,10.33847826,,,16.74608696,,,,
2001/11,72.86051137,,,82.26103119,12551.3239,13462.88369,,693.8224,2263.969254,56.36025767,,165804,50.36514891,,,,,,5.5,131144,6784,15825,86609,88.1295,87.886,1139.449951,12451466,5832.83,9.219923333,8.9,,,14.15444444,,,,
2001/12,72.72186327,,,81.74835192,12903.00642,13607.87429,,759.0318,2279.012678,88.83828412,,117978,50.43489879,,,,,,5.7,130983,6785,15712,86534,88.2971,87.8518,1148.079956,12170945,6372.28,9.173916129,7.941578947,,,14.34294118,,,,
2002/01,71.79161724,,,81.25418186,12751.22267,13150.60117,,711.043,2240.006106,57.95307753,,151817,50.90047201,,,,,,5.7,130859,6775,15588,86519,88.9108,88.4634,1130.199951,12195513,6927.87,9.159125806,7.9675,,,14.92272727,,,,
2002/02,71.76964193,,,79.28747932,12928.87916,13781.48395,,718.865,2247.433741,47.72322083,,145627,50.86774985,,,,,,5.7,130736,6766,15518,86466,88.9373,88.4578,1106.72998,12275211,6734.44,9.109285714,8.990263158,,,16.30111111,,,,
2002/03,72.37616257,,,80.25044932,13347.18091,14282.39468,,744.527,2271.723565,55.81300368,,152390,51.12794844,,,,,,5.7,130722,6755,15443,86504,89.6404,89.1265,1147.390015,12221087,7361.86,9.077925806,8.470277778,,,20.26105263,,,,
2002/04,72.90099041,,,81.59343454,13883.46619,14040.9125,,805.872,2268.798862,52.9000973,,171128,51.40723497,,,,,,5.9,130615,6710,15392,86483,89.9423,89.5507,1076.920044,12352690,7480.74,9.143976667,6.849318182,,,22.55714286,,,,
2002/05,72.9861686,,,80.99201202,13367.68184,14282.63958,,912.205,2274.861147,57.32115584,,171360,51.51142923,,,,,,5.8,130632,6684,15338,86512,90.4511,89.9348,1067.140015,12338063,7031.64,9.479467742,7.727954545,,,22.84047619,,,,
2002/06,72.90263071,,,81.18922746,13348.32906,14110.80905,,860.003,2309.04886,56.16290971,,164194,51.76258618,,,,,,5.8,130673,6701,15297,86547,91.373,90.6736,989.820007,12288156,6460.95,9.75009,8.41975,,,21.68066667,,,,
2002/07,73.22665983,,,81.43075489,13574.09827,14215.50499,,843.0738,2311.051142,63.75182053,,141507,51.91118135,,,,,,5.8,130583,6688,15256,86518,91.2634,90.6436,911.619995,12368684,6021.84,9.79253871,8.335652174,,,23.15,,,,
2002/08,73.79032864,,,82.35565789,13517.19297,14164.74925,,849.1376,2299.430432,58.60076331,,162781,52.1085603,,,,,,5.7,130582,6701,15171,86545,91.3621,90.5505,916.070007,12340462,6216.43,9.833690323,7.613636364,,,23.55380952,,,,
2002/09,73.61181579,,,82.32367298,13527.09697,14254.76715,,860.5997,2298.46479,55.97301679,,147383,52.42198356,,,,,,5.7,130503,6702,15119,86561,91.4514,90.6373,815.280029,12400521,5728.46,10.04177333,8.373,,,25.26526316,,,,
2002/10,73.94329646,,,83.22703379,13392.46109,13942.54089,,848.283,2318.188452,54.79487735,,171081,52.65303609,,,,,,5.7,130617,6689,15059,86735,91.1504,90.3988,885.76001,12457620,5967.73,10.0909871,8.671956522,,,24.28956522,,,,
2002/11,73.53649497,,,83.25806005,13461.87975,13953.4257,,741.438,2435.567534,59.34735133,,145027,53.07887728,,,,,,5.9,130616,6713,14992,86753,91.6384,90.8947,936.309998,12472617,6156.83,10.19164,8.33125,,,20.24421053,,,,
2002/12,73.53391761,,,82.41366948,13502.92625,13947.18062,,919.401,2455.711656,91.50343264,,90668,53.3099298,,,,,,6,130465,6700,14911,86689,90.9971,90.3906,879.820007,12232301,6127.09,10.19919677,8.2555,,,23.33941176,,,,
2003/01,73.51578153,,,80.98243429,14131.42783,14063.7981,,1051.2547,2451.54515,61.77798065,,142424,53.52544068,,,,,,5.8,130573,6704,14867,86801,91.7853,91.1369,855.700012,12269469,5954.35,10.55303548,9.143409091,,,28.12761905,,,,
2003/02,73.96410018,,,82.58187565,13908.6697,13844.13644,,979.7597,2426.11353,50.15710509,,131872,53.67412245,,,,,,5.9,130441,6667,14780,86795,91.6769,91.2505,841.150024,12321596,5927.06,10.91470714,9.905131579,,,28.33117647,,,,
2003/03,73.40805238,,,82.19337489,13400.7337,14164.3348,,1139.1124,2416.37143,56.53857273,,134251,54.01293041,,,,,,5.9,130235,6654,14721,86680,91.7955,91.0006,848.179993,12348257,5914.03,10.93968065,9.961,,,24.76952381,,,,
2003/04,73.52213265,,,82.20448257,13314.96684,14223.35009,,1202.5097,2409.664652,57.18500518,,124831,54.1051442,,,,,,6,130172,6689,14608,86714,91.144,90.4311,916.919983,12337553,6509.88,10.63104333,8.58195,,,20.915,,,,
2003/05,73.28589775,,,82.51145067,12942.59196,13888.87083,,1350.9669,2425.545422,61.56292137,,148085,53.93055967,,,,,,6.1,130196,6706,14558,86795,91.194,90.4,963.590027,12269056,6699.18,10.2557871,5.917142857,,,22.33833333,,,,
2003/06,73.89377427,,,82.99108919,13377.86386,13938.73891,,1351.1707,2411.462154,58.63407774,,145298,53.9751124,,,,,,6.3,130185,6723,14493,86791,91.6215,90.5196,974.5,12270626,7054.99,10.49767333,5.788809524,,,24.03714286,,,,
2003/07,73.9016795,,,82.75853831,13579.90954,14199.87323,,1361.362,2464.554721,66.49314882,,117643,54.0533387,,,,,,6.2,130184,6735,14403,86842,91.9808,90.9869,990.309998,12270143,7355.07,10.44283548,5.298586957,,,25.23681818,,84.1,,
2003/08,73.24008924,,,82.5430054,13426.90435,13979.86065,,1401.2462,2463.028263,64.51944041,,129466,54.21548991,,,,,,6.1,130153,6760,14376,86891,91.6346,90.7933,1008.01001,12229764,7591.42,10.7384129,4.973095238,,,25.99588235,,86.4,,
2003/09,73.45080234,,,82.36626661,13734.90966,14080.60214,,1365.5085,2494.511673,59.61126288,,131977,54.53823816,,,,,,6.1,130253,6783,14346,87050,92.4512,91.3819,995.969971,12323341,7822.48,10.91773667,5.046428571,,,22.64666667,,65,,
2003/10,73.76595968,,,82.96612908,14021.65577,14396.48346,,1391.0112,2489.26865,59.12367266,,146763,54.73820739,,,,,,6,130440,6784,14334,87190,92.535,91.5049,1050.709961,12427371,8064.83,11.17959355,5.595921739,,,24.8773913,,67,,
2003/11,73.88132375,,,82.42552711,14315.96676,14690.7281,,1203.7084,2488.89624,64.62926559,,125551,55.19254161,,,,,,5.8,130481,6796,14316,87258,93.389,92.1265,1058.199951,12462714,8554.48,11.13265333,5.354494737,,,24.893125,,79.1,,
2003/12,74.79796662,,,83.84726097,14674.74444,14990.48815,,1341.0761,2645.095999,96.44461801,,99351,55.42981079,,,,,,5.7,130589,6827,14299,87342,93.3076,92.1732,1111.920044,12257581,8795.28,11.25372903,6.397733333,,,25.41722222,,78.6,,
2004/01,75.10868698,,,84.11347825,14654.26015,14714.95098,,1081.8635,2611.785229,67.21444295,,120516,55.77431735,,34.25894051,54.08997571,,,5.7,130756,6848,14291,87504,93.2411,92.3268,1131.130005,12294000,9428.77,10.96067419,5.3569,,,26.49470588,,88,,
2004/02,75.33379547,,,84.09522972,14854.00156,15443.9368,,1171.7737,2591.187708,56.87815717,,121762,56.10794476,,34.42087797,53.43021562,,,5.6,130820,6838,14279,87577,93.9407,92.8995,1144.939941,12351665,9991.8,11.01850345,5.791494737,,,25.81470588,,92.2,,
2004/03,76.28932756,,,86.12074809,15288.87257,15649.7496,,1480.224,2622.618121,58.85665421,,140700,56.29807094,,32.3721277,53.8402846,,,5.8,131139,6887,14287,87793,93.9079,92.5368,1126.209961,12478529,10517.5,10.99782903,6.485056522,,,28.12,,91,,
2004/04,76.01867493,,,85.79797656,14985.49645,15763.50639,,1513.5151,2598.577457,62.50321066,,124642,56.38303195,,36.74580283,53.43125426,,,5.6,131412,6901,14315,87996,94.2009,92.8957,1107.300049,12505272,9948.13,11.24264667,6.168305,,,28.2825,,89.7,,
2004/05,76.16005218,,,85.59577587,15990.10107,16549.95111,,1770.3978,2589.911185,66.98045845,,128496,56.24160294,,40.20776935,53.90406636,,,5.6,131697,6948,14342,88202,94.8983,93.5845,1120.680054,12495167,10036.29,11.50777419,6.947666667,,,32.278,,83.9,,
2004/06,76.51223758,,,85.96918377,15550.0793,16274.48174,,1684.7248,2670.053904,63.50070619,,145978,56.33174451,,39.1149256,56.71394472,,,5.6,131794,6962,14334,88306,94.1813,92.8651,1140.839966,12515338,10281.82,11.37502,7.024768182,,,29.6605,,85.3,,
2004/07,76.04572988,,,85.57134275,15644.75298,16516.94289,,1654.376,2631.472647,73.07597055,,117113,56.47939018,,40.06112546,56.73557229,,,5.5,131853,6977,14331,88345,95.0067,93.5502,1101.719971,12550854,10116.39,11.4764,7.112631818,,,31.35333333,,91.3,,
2004/08,76.20727794,,,85.54861524,16012.26925,16611.17309,,1786.8078,2620.07645,69.68099564,,145060,56.82804118,,39.49991297,55.54963624,,,5.4,131940,7003,14345,88371,95.4402,93.6301,1104.23999,12597254,10264.32,11.3992,7.499959091,,,33.8465,,89.2,,
2004/09,76.23707296,,,85.68446153,15796.47956,16321.28308,,1586.8407,2625.096659,66.76461443,,142600,57.29791705,,38.63620961,54.60692172,,,5.4,132091,7029,14332,88498,95.5222,93.7353,1114.579956,12683727,10957.37,11.49256333,7.775666667,,,34.64904762,,64.7,,
2004/10,76.45355671,,,85.96074855,16342.70635,16837.58612,,1529.9477,2688.796091,67.99222356,,147949,57.69474717,,40.06656057,52.95711548,,,5.5,132431,7077,14332,88771,96.5362,94.5695,1130.199951,12737398,11564.35,11.39055484,8.045485714,,,40.10857143,,70.9,,
2004/11,77.12439411,,,86.01955068,16409.54425,17701.65331,,1506.1644,2707.16536,68.70090933,,120057,58.1868994,,41.31866505,51.85348213,,,5.4,132504,7091,14306,88816,96.5251,94.8015,1173.819946,12871388,12102.55,11.38322667,8.597959091,,,33.24666667,,76.6,,
2004/12,77.08276512,,,86.26876285,15765.18572,17307.35683,,1565.1123,2809.007975,107.4393045,,107297,58.30708815,,41.28750216,56.75925301,,,5.4,132629,7117,14285,88932,97.308,95.5415,1211.920044,12632877,12917.88,11.20769032,8.930621739,,,28.09947368,,72.2,,
2005/01,77.13394515,,,86.51250887,16370.7827,17721.37837,4.506857522,1367.5563,2779.174451,74.27195946,,97025,58.30916037,,40.54339836,52.45268324,,,5.3,132781,7095,14257,89087,97.9271,95.8785,1181.27002,12697125,13097.12,11.26067419,8.968333333,,,31.97388889,55.21072244,82.4,,
2005/02,77.28034486,,,86.85975144,16701.64146,17681.08772,4.678746315,1428.377,2771.518908,59.72206503,,131553,58.50343099,,41.40577878,53.86767792,,,5.4,133033,7153,14272,89254,98.8304,96.5709,1203.599976,12788890,13789.46,11.14702857,9.467,,,32.84058824,56.60203435,87.5,,
2005/03,76.93032423,,,86.77170581,16696.33409,17514.88288,4.90916001,1691.5896,2792.831721,66.86115918,,120039,58.76712098,,42.0502982,54.08387328,,,5.2,133152,7181,14268,89347,98.3466,96.4345,1180.589966,12799019,12676.9,11.13873548,9.777,,,38.04714286,56.27908352,87.4,,
2005/04,77.3330674,,,86.88859974,17507.61034,17982.77284,4.604156503,1753.3032,2793.41806,67.12844825,,141059,58.97641519,,43.61749168,54.67530842,,,5.2,133519,7266,14249,89630,98.7663,96.6347,1156.849976,12852756,12322.99,11.12668667,10.01428571,,,39.84,54.48018378,81.8,,
2005/05,77.48879636,,,87.8483828,17233.98219,17738.70044,5.056598055,2057.2773,2789.241738,71.40116871,,136441,58.82825146,,42.6736361,49.74871965,,,5.1,133689,7294,14255,89738,99.0189,96.7251,1191.5,12884166,12964.39,10.98908387,10.12227273,,,39.75263158,54.33006707,77.6,,
2005/06,76.87110057,,,86.64581228,17910.93804,18201.68336,4.64768291,1923.2802,2844.573683,69.34277116,,133478,58.77178347,,44.76054566,52.97373673,,,5,133947,7333,14227,90000,99.2871,97.1483,1191.329956,12911021,13486.13,10.83101667,10.01,,,44.10272727,55.88856605,79.7,,
2005/07,77.12268838,,,85.33799429,17194.07722,18267.52429,4.696489562,1840.3006,2879.277886,80.96817537,,102788,59.00179988,,43.91132672,52.69498402,,,5,134300,7353,14225,90239,98.9358,96.8397,1234.180054,12904401,14409.66,10.69057097,10.0147619,,,45.75052632,56.43595198,75.2,,
2005/08,78.15129836,,,87.59985672,17892.86841,18400.83189,4.808229043,2059.2229,2882.81312,75.1857943,,155642,59.07225536,,42.27602051,50.43192362,,,4.9,134503,7394,14200,90416,99.4776,97.1584,1220.329956,13014610,14243.19,10.66766452,9.984347826,,,50.48714286,55.32379186,76.2,,
2005/09,78.52045664,,,88.26107297,18250.26691,18428.70672,4.368875825,1885.9905,2936.753831,73.1072528,,152128,59.30900649,,43.71259332,53.66997737,,,5,134554,7415,14173,90486,98.3331,95.2764,1228.810059,13114254,16120.08,10.78028333,9.649285714,,,51.48142857,54.82921701,61.3,,
2005/10,78.76690356,,,88.54935319,18755.69755,19308.47312,4.272220786,1862.2776,2999.144845,74.1795159,,175474,59.45457994,,45.11295346,54.61610817,,,5,134643,7460,14189,90524,99.8225,96.4411,1207.01001,13234501,15759.73,10.83860968,9.408452381,,,48.2352381,55.36575982,52.3,,
2005/11,79.48315651,,,89.81654181,19519.9969,19998.54432,4.226729677,1886.9538,3029.507653,74.4030848,,180907,59.88249335,,43.72333742,54.47448999,,,5,134999,7524,14184,90785,100.7585,97.5016,1249.47998,13327162,16830.96,10.68757,9.1675,,,42.35555556,55.26070287,40.5,,
2005/12,79.95143914,,,90.92111714,20195.31085,20702.9206,4.178734808,1932.142,3169.019576,116.6790846,,139960,60.25031239,,44.73703681,53.2760152,,,4.9,135158,7533,14189,90906,100.8668,97.9723,1248.290039,13061565,17802.71,10.61519355,8.721785714,,,44.622,55.90592806,63.9,,
2006/01,81.41313621,,,91.13979095,21204.72192,20214.48999,4.30041862,1758.3057,3135.131561,83.96550949,,160681,60.60362589,,41.78662005,53.46484289,,,4.7,135426,7601,14208,91114,101.6594,98.127,1280.079956,13174495,18907.1,10.56963871,8.412045455,,,50.32647059,56.95006725,78.1,,
2006/02,80.6035491,,,90.57641009,20316.81631,20507.18835,4.497329101,1823.1898,3198.706257,66.37168282,,172343,60.69635773,,47.73127438,51.2495727,,,4.8,135731,7664,14208,91320,101.3716,98.1687,1280.660034,13285285,18706.32,10.48425714,7.968289474,,,48.34842105,54.82728501,84.9,,
2006/03,80.70148794,,,91.53055803,20248.92886,20765.27726,4.280862046,2152.8362,3329.175586,74.15911664,,199221,60.77251181,,47.12389567,55.89054743,,,4.7,136036,7689,14210,91566,101.3092,98.3913,1294.869995,13392387,19272.63,10.69771935,7.677159091,,,51.06434783,54.85825856,84,,
2006/04,81.12252599,,,91.53269596,20784.81621,21090.05659,4.417206818,2072.7017,3417.69129,80.79101908,,137902,60.86161727,,46.54244792,53.10805553,,,4.7,136208,7726,14223,91662,101.667,98.6826,1310.609985,13402509,20646.19,11.02994333,7.514722222,,,57.63722222,55.9168565,79.1,,
2006/05,81.98671072,,,92.58488283,20870.34658,21570.62055,4.160039395,2534.599,3419.337179,82.56523758,,178187,60.59067451,,48.20531832,53.14710754,,,4.6,136249,7713,14200,91729,101.4504,98.7074,1270.089966,13486515,18677.92,11.07151613,7.319772727,,,56.9755,54.98367644,71.9,,
2006/06,81.81801043,,,92.58670338,20840.79906,21389.24335,4.72326982,2340.2623,3485.92594,80.57653408,,200831,60.64299806,,46.21433609,52.03288909,,,4.6,136335,7699,14210,91819,101.8145,99.0398,1270.199951,13550640,19147.17,11.38702333,7.333409091,,,55.55238095,54.85186022,71.1,,
2006/07,81.82934394,,,92.52326546,20683.16342,21389.64362,4.848642195,2191.6469,3409.114594,92.15261543,,125657,60.80929371,,45.89604656,52.32841043,,,4.7,136529,7712,14185,91969,101.5259,98.9751,1276.660034,13604538,20095.93,11.03921613,7.311666667,,,60.23263158,54.0729932,74.6,,
2006/08,81.97795418,,,92.92160077,21220.32069,21650.89241,4.519553907,2334.2835,3393.810226,86.91004193,,186769,61.11960865,,50.60107359,53.53577263,,,4.7,136693,7720,14154,92116,102.3362,99.4047,1303.819946,13676931,21049.35,10.87617097,7.300778261,,,60.785,54.3333869,70.2,,
2006/09,81.99421705,,,92.61654915,20688.88937,22070.70768,4.802749093,2140.9586,3422.090961,84.55996743,,172278,61.73661213,,51.36978375,53.564567,,,4.5,136829,7718,14120,92214,102.4424,99.2246,1335.849976,13756687,21937.11,10.97558333,7.308385714,,,51.06444444,54.73634595,48.1,,
2006/10,82.1706866,,,92.61259756,21199.47342,21977.28237,4.704371071,2316.5244,3401.378027,84.07162403,,188210,62.00651878,,48.63441471,54.45778005,,,4.4,136846,7682,14068,92329,101.9681,99.1229,1377.939941,13894328,23046.95,10.91244839,7.313331818,,,48.10590909,54.75848466,54.7,,
2006/11,81.94825951,,,92.85729109,20839.16921,21571.59996,4.792159044,1962.802,3478.285175,86.4900443,,201599,62.3318573,,49.28281567,53.18112566,,,4.5,137061,7666,14034,92578,102.1078,99.0963,1400.630005,13981314,24962.01,10.87905,7.302225,,,48.39882353,53.33747719,68.5,,
2006/12,82.30641116,,,91.87939976,21148.29572,22021.63307,4.726713311,1938.7249,3676.037795,134.3365143,,135674,62.69242357,,49.4050369,54.20891381,,,4.4,137249,7685,14009,92763,103.6726,100.1125,1418.300049,13678492,26448.32,10.87084194,7.338127778,,,49.97357143,53.69203577,67.7,,
2007/01,82.41449209,82.35551038,,92.04102823,20495.95897,21916.35172,4.835684092,1872.9292,3575.554047,92.29825728,,139261,63.01620793,,51.84975908,54.66546448,,,4.6,137472,7725,14004,92943,103.2991,99.7546,1438.23999,13794601,27561.49,10.93192258,7.405068182,,,43.4325,53.19441791,76.7,,
2007/02,82.44251374,81.95437931,,92.64472751,21312.94883,22274.50136,4.858144792,1856.7782,3583.742507,74.33263481,,156704,63.19234663,,52.46291582,54.34984187,,,4.5,137558,7626,13993,93098,103.6719,100.7166,1406.819946,13908701,26638.95,10.981975,7.456642105,,,47.33263158,54.46375104,82,,
2007/03,82.91533051,81.60520387,,93.73187543,21543.85496,22371.18055,5.093729121,2186.5239,3659.995688,84.18855842,,175563,63.32911314,,52.63913807,52.96718974,,,4.4,137782,7706,13964,93249,104.5848,100.8952,1420.859985,13973905,28747.69,11.12236774,7.455390476,,,49.97136364,54.15446829,81.2,,
2007/04,83.29479455,81.3283991,,93.44950501,21468.64788,22832.1872,4.763136273,2166.564,3595.898097,87.01229325,,153375,63.29129513,,53.57566988,52.79466294,,,4.5,137845,7686,13939,93325,105.2553,101.5723,1482.369995,14043649,28996.71,10.99080667,7.466647368,,,54.61368421,52.98327289,78.3,,
2007/05,83.45301481,81.21635398,,93.50710636,22244.20511,23481.42978,4.652432126,2480.6564,3668.240254,89.35840583,,183863,62.98253436,,50.4517049,53.96017532,,,4.4,137993,7673,13922,93484,105.215,101.6269,1530.619995,14072151,31398.96,10.83582258,7.699777273,,,55.6665,53.04007359,67.9,,
2007/06,83.83643249,81.27713869,,93.47611961,22540.04478,24001.75379,4.716302098,2300.5755,3677.291711,89.88885946,,197839,63.05817039,,50.55910876,53.31224037,,,4.6,138069,7687,13903,93547,105.6409,101.6547,1503.349976,14089092,31151.05,10.83518667,7.703552381,,,60.12190476,52.53363333,68.3,,
2007/07,83.6745067,81.38721045,,93.37648145,22543.772,23219.62486,4.38496657,2469.4671,3676.038655,99.02061556,,155326,63.32600481,,51.52737124,53.97799822,,,4.7,138044,7660,13881,93604,105.6645,101.4953,1455.27002,14156216,30659.66,10.79959355,7.704127273,,,64.89047619,52.90216129,75.4,,
2007/08,83.88827942,81.47306249,,92.91866735,23355.44605,23899.54566,4.513572128,2514.9439,3816.40371,94.56907294,,221913,63.58399619,,51.48359488,51.81099438,,,4.6,138013,7610,13821,93628,105.4234,101.6943,1473.98999,14224297,30347.86,11.04242903,7.70876087,,,61.61,51.98395303,64.3,,
2007/09,84.03023543,81.47251117,,93.47884083,23927.25926,24432.94112,4.818198412,2284.105,3816.0916,94.3429012,,185776,64.07770259,,51.23191424,52.69979987,,,4.7,138101,7577,13784,93733,105.7879,101.9428,1526.75,14283377,30296.19,11.03761667,7.70401,,,66.26368421,53.12802355,49.5,,
2007/10,83.93230452,81.40344785,,93.16415399,23286.13724,24197.24707,4.889376318,2465.5833,3853.925366,90.68194784,,205259,64.32740509,,52.74363165,51.82362969,,,4.7,138177,7565,13756,93830,105.6476,101.6446,1549.380005,14441717,31458.67,10.84063226,7.732717391,,,72.04590909,54.35632229,56.4,,
2007/11,83.57802948,81.34878672,,92.50158744,24433.58883,24314.31937,4.616512927,2047.0797,3938.4128,94.62099725,,190881,64.78122126,,55.94218797,53.55017897,,,4.7,138291,7523,13751,93949,106.2595,102.2167,1481.140015,14539497,29770.52,10.85821333,7.933765,,,80.92842105,54.76704777,68.2,,
2007/12,83.63540553,81.41528518,,93.11748803,24244.6295,24620.3248,4.794569458,2050.7298,4069.571448,146.1712901,,131210,65.04905568,,51.34029507,54.08593921,,,5,138395,7490,13739,94051,106.443,102.2764,1468.359985,14207706,29536.83,10.85205806,7.932557895,,,78.66352941,53.74998773,67.6,,
2008/01,84.11078981,81.60121205,92.13259667,92.92421638,24416.68866,25596.99596,4.929002365,1781.6996,4117.81068,99.68147399,,172335,65.35056368,,49.09191325,55.32925916,,,5,138391,7476,13717,94064,106.2058,102.1493,1378.550049,14315318,28793.64,10.91740645,7.925986364,,,79.5247619,52.99977504,75.7,,
2008/02,84.2444891,81.80811798,92.03955855,94.608985,24219.55743,25811.02138,4.713148291,1942.0303,4124.363966,83.48942417,,180177,65.5448343,,44.66598701,53.12601271,,,4.9,138327,7453,13690,94020,105.4437,101.7756,1330.630005,14396101,28918.52,10.78461379,7.92832,,,80.43526316,51.63863819,82.7,,
2008/03,83.15032187,81.93125262,90.96522146,92.79446344,25325.89686,25872.66723,4.579816348,2206.3771,4119.809822,95.29358935,,156980,66.01989072,,42.34963777,53.25192028,,,5.1,138257,7406,13650,94004,105.0141,101.4508,1322.699951,14400376,30912.99,10.73085484,7.931205556,,,88.60263158,50.83364111,82.2,,
2008/04,84.66770094,81.89370703,91.98677762,92.75252429,25900.25436,26627.26626,4.500428948,2278.089,4185.379739,89.63514697,,194447,66.17012666,,37.54642485,53.20796245,,,5,138038,7327,13589,93917,103.9354,100.7554,1385.589966,14480066,30281.41,10.52556333,7.935522727,,,93.34227273,52.2926294,74.2,,
2008/05,84.23665383,81.69289994,91.35799553,92.88305794,25591.48193,26336.12867,4.344839377,2477.9622,4251.449779,97.91763005,,184284,66.09863507,,39.24599439,52.79291231,,,5.4,137851,7274,13555,93775,103.3508,100.1336,1400.380005,14443848,31975.47,10.45804194,7.9327,,,106.1715789,51.82629463,66.1,,
2008/06,84.90985081,81.398876,91.38907727,93.97933993,25885.05222,26415.83225,4.405575249,2366.006,4230.063521,96.67354805,,202725,66.3721681,,39.67548997,53.61403384,,,5.6,137698,7213,13494,93706,102.6186,99.8728,1280,14472908,29395.49,10.32861667,8.00232381,,,115.3652381,50.64337023,67.4,,
2008/07,84.87096589,81.12789433,90.92267493,92.17749335,26952.15293,27904.79565,4.854059092,2278.9294,4336.440512,102.5021227,,150649,66.74205936,,37.08914985,52.11834299,,,5.8,137498,7160,13419,93581,101.4769,99.4194,1267.380005,14483011,27501.02,10.23760968,8.282869565,,,122.3977273,48.95361423,71.6,,
2008/08,83.92445624,80.98241924,90.21231605,92.14799139,25809.10692,27547.36198,4.907413566,2198.5254,4306.927606,102.5656684,,210549,67.12749227,,37.0130343,53.53969056,,,6.1,137211,7114,13348,93402,100.1638,97.8491,1282.829956,14460993,26290.99,10.09196452,8.557619048,,,108.169,49.34166569,67,,
2008/09,83.66629891,79.90906239,89.62304389,91.41809144,24120.58459,26094.35543,4.714654397,2208.0883,4315.010323,95.08226639,,195268,67.58493481,,29.3014799,51.90877078,,,6.1,136762,7044,13267,93130,96.5956,93.5576,1166.359985,14526347,24888.9,10.60434,8.660357143,,,92.87619048,47.62935395,46.9,,
2008/10,83.77921172,78.96486727,89.43842996,91.545507,22764.4364,25314.52846,4.971548499,2759.2451,4351.414093,93.44241464,,220123,68.04548569,,20.24188319,51.45315227,,,6.5,136293,6967,13138,92858,96.0624,94.4985,968.75,14564570,20445.32,12.48947419,8.676413043,,,64.40086957,45.05385981,52,,
2008/11,82.62470601,78.03045241,88.80460541,89.99909919,21084.49725,24025.06685,5.679221397,1834.3372,4399.287112,104.0330915,,175739,68.81894178,,14.853209,47.60578892,,,6.8,135543,6813,13026,92368,93.6504,93.2617,896.23999,14505253,20534.72,13.09469,8.733947368,,,41.57888889,44.9515267,64,,
2008/12,81.71714623,77.03662351,88.5884096,88.99845918,17973.10629,19724.1195,5.93313218,1853.9266,4660.481303,139.6836238,,127244,69.29555236,,7.01870305,47.11369282,,,7.3,134847,6701,12842,91978,90.4374,90.6266,903.25,14178117,22380.32,13.37362903,8.73967619,,,32.88714286,44.62209265,68.1,,
2009/01,78.15518163,75.96475167,88.98646988,84.37230495,17534.51421,18881.44789,5.819000343,1642.9594,4692.168643,101.855131,,84749,69.45614941,,8.939181646,45.89536419,,,7.8,134078,6567,12552,91620,87.4764,88.3712,825.880005,14073102,19565.14,13.86394194,8.414766667,3196.066237,42.05335188,38.069,43.87170802,64.2,,
2009/02,77.85178186,74.81218591,88.07646477,83.81138093,17442.97396,18612.33562,6.091138974,1890.6882,4727.573822,82.85945484,,109961,69.60949368,,4.456246872,47.43331669,,,8.3,133317,6446,12371,91176,87.4964,87.843,735.090027,14026501,17752.18,14.50218571,7.936594737,2858.847811,35.62536178,37.90684211,44.73737491,71.1,,
2009/03,77.6470922,73.5965016,89.31176063,83.25088331,17397.81072,18065.43957,6.192955133,2194.4479,4696.226674,93.0077349,,105977,70.00995018,,11.23773003,49.06355222,,,8.7,132492,6291,12196,90718,85.9802,86.4689,797.869995,14039826,19626.75,14.72082581,7.642738095,3218.808235,44.10880231,41.42545455,46.14643907,68,,
2009/04,77.01662634,73.35395386,87.57867724,83.34544566,17492.19055,17682.55511,6.844178171,1867.0471,4707.236532,95.39850456,,103864,70.25499019,,14.9917014,49.44235507,,,9,131821,6154,12017,90263,85.4365,85.7903,872.809998,13979608,21898.85,13.47903,6.677365,3014.759609,40.74123252,46.50809524,45.7666162,64.4,,
2009/05,76.62792458,73.15716285,86.65750568,83.07812834,17254.50854,17392.80418,7.13507785,1986.2721,4656.478685,99.13859159,,111025,70.05035847,,14.364442,49.2060243,,,9.4,131468,6100,11850,90207,84.5396,84.9436,919.140015,13868132,24331.71,13.25065161,5.779955,2880.732928,40.71313013,56.43578947,44.42109006,26.6,,
2009/06,77.81640562,73.07943748,86.68996927,82.7461429,18197.02638,18716.25961,6.471134666,2007.8197,4702.993428,94.26336967,,105468,70.17935416,,17.37054428,50.16734293,,,9.5,131007,6010,11713,90022,84.332,84.6746,919.320007,13871175,24368.38,13.34373667,5.261845455,3271.418739,43.08698257,63.89318182,47.40612776,40.6,,
2009/07,79.29587801,73.16584751,87.12222254,84.77432266,18204.31726,19126.07985,6.917879467,1919.4754,4750.449839,103.8276385,,113569,70.37051645,,18.32110252,51.77647076,,,9.5,130662,5932,11654,89877,85.7961,85.6853,987.47998,13887498,27043.5,13.36679355,4.9172,3351.890332,45.86500956,60.66045455,49.13690226,53,,
2009/08,79.07430617,73.40660867,86.70058166,84.72750592,19356.4254,19768.44952,7.047718753,1864.1988,4708.587599,105.6090442,,139694,70.53888432,,16.87083582,52.5555959,,,9.6,130472,5855,11612,89799,86.8162,86.6393,1020.619995,13918843,28129.95,13.01393548,4.889409524,3084.028189,46.2519999,67.516,50.4159449,49.8,,
2009/09,79.66725497,73.7657915,86.76398569,85.91020867,20290.68582,20563.68807,7.391154359,1808.0308,4713.628507,96.71909616,,150916,70.89271587,,21.88409082,54.44581539,,,9.8,130247,5787,11580,89762,87.7208,87.3821,1057.079956,13992494,29232.24,13.40756667,4.911104762,3352.41581,41.73533051,64.0147619,51.10318504,35.4,,
2009/10,80.26260192,74.16049307,86.31191653,86.35468966,21180.18919,20573.71589,6.954647307,1756.2439,4838.298036,98.18207141,,190630,71.10719063,,25.0448044,54.81309573,,,10,130062,5716,11527,89634,87.7415,87.5809,1036.189941,14073749,28646.03,13.25259032,4.925272727,3474.386871,44.06316789,69.02863636,51.36482753,41.6,,
2009/11,81.08328549,74.52035376,86.30723323,87.70322658,22512.19824,22457.15974,6.337441191,1563.7409,4871.388499,103.9719837,,184361,71.47604578,,23.39912322,53.23560942,,,9.9,130058,5696,11498,89667,88.671,87.9388,1095.630005,14192197,30957.11,13.13145,4.931168421,3280.821276,47.37986271,72.59210526,51.43796035,51.2,,
2009/12,81.51717877,74.75139307,86.80432077,88.06484618,22621.8372,22515.35149,6.248163501,1622.8016,4988.876194,150.3735836,,158972,71.77185517,,25.90780042,54.09739385,,,9.9,129808,5654,11465,89544,88.536,88.2404,1115.099976,14006404,32120.47,12.85556129,4.930613636,4708.132636,63.85033595,69.43904762,52.11000848,55.5,,
2010/01,80.86597848,74.88568677,85.89422422,87.92111828,22612.84931,22509.20145,6.932061768,1374.0619,4918.091291,106.3821347,,171504,72.55204598,,23.70811236,54.75184239,,,9.8,129802,5580,11447,89618,89.5484,89.1897,1073.869995,14076279,30391.61,12.83262903,4.91003,4034.973822,48.13318079,72.07210526,52.75370773,57.6,,
2010/02,81.50755237,75.06793632,86.63843444,87.37874382,23160.84713,23248.67139,6.249773172,1610.3716,4919.903358,85.83928336,,172338,72.97167051,,30.17123576,55.83561824,,,9.8,129705,5500,11439,89616,89.5698,89.5046,1104.48999,14204647,31634.54,12.96184643,4.917342105,3896.256704,40.65907932,69.58315789,53.24344677,65.2,,
2010/03,82.10340716,75.41007344,87.5678571,88.57684708,23891.46618,24385.62591,6.296992384,2018.3173,4948.233401,96.40090402,,196198,73.48972549,,36.08495909,54.62094836,,,9.9,129865,5537,11439,89690,90.7779,90.1356,1169.430054,14341056,33266.43,12.60465161,4.923181818,4246.871063,50.55763973,72.37478261,52.81093601,66.3,,
2010/04,83.04114828,75.93994796,86.58376475,89.52486084,24925.03167,24989.21802,6.507030773,1853.3743,4996.163234,95.69953084,,176239,73.25556464,,39.6225151,55.675868,,,9.9,130120,5553,11475,89836,91.5998,90.4607,1186.689941,14408942,32687.32,12.26208,4.937015,3598.385728,45.98235702,75.3295,52.66532282,62.6,,
2010/05,82.86334338,76.58691445,87.49776635,89.03264809,24691.59194,25252.45277,6.210583281,2215.0434,5070.400227,106.8502834,,185310,72.79397765,,42.48107672,56.53392676,,,9.6,130643,5520,11511,89920,92.8159,91.7014,1089.410034,14433952,32038.53,12.68246774,4.94352381,3866.314387,52.48314749,66.63611111,52.57217233,54.9,,
2010/06,82.8193541,77.22840744,87.00620544,88.86409752,23522.04961,24414.08288,6.607152175,1954.6276,5090.236267,100.1784911,,213334,72.77118323,,44.18648675,56.1908767,,,9.4,130509,5516,11529,90022,92.8028,91.9033,1030.709961,14480255,31156.97,12.71818333,4.937654545,3912.402314,49.1532778,67.14,52.22698451,54.4,,
2010/07,83.14548539,77.73811842,86.83277244,88.77067958,24348.18103,24701.95099,6.338065994,1937.0854,5187.667368,110.8045136,,186405,72.92919,,44.58270284,55.18558131,,,9.4,130415,5508,11546,90083,93.3195,92.2549,1101.599976,14518395,32308.74,12.83340645,4.919290909,3779.505027,52.52757811,68.57,52.74159178,63.6,,
2010/08,83.25243928,78.06035478,87.48377745,89.46642982,25392.56411,25553.92912,5.702647045,2022.7421,5286.095438,109.4026941,,211722,73.1317495,,46.5661429,54.9923004,,,9.5,130416,5524,11538,90218,93.5079,92.5936,1049.329956,14593979,31679.85,12.72952258,4.904209091,3906.060873,53.02402591,69.94142857,52.67697614,56.5,,
2010/09,83.54606354,78.24362913,87.01156515,89.02102979,25389.75244,25380.31717,6.313138879,1774.9577,5296.00352,102.036265,,204054,73.51511019,,46.59656542,54.36446625,,,9.5,130342,5501,11549,90323,93.6052,92.8533,1141.199951,14701487,33330.34,12.86421,4.90063,4313.514616,48.82102296,69.825,51.5230357,44,,
2010/10,83.49616747,78.3480664,87.21890319,88.88388418,25800.23103,26408.51624,6.425802568,1784.3884,5471.975547,107.0309673,,228482,73.96892635,,47.61647359,55.20524899,,,9.4,130621,5508,11548,90536,93.658,92.6033,1183.26001,14829981,35568.22,12.4556871,4.870790476,4307.227472,52.05812848,74.68190476,52.05184754,48.4,,
2010/11,83.66339777,78.43621649,84.57030917,88.88341854,26925.1082,26738.25824,6.314631647,1678.5798,5414.738055,105.0515221,,215991,74.56158125,,49.06191463,55.34687572,,,9.8,130749,5506,11571,90649,93.7729,92.6686,1180.550049,14965625,36817.32,12.31381,4.865165,4407.625703,55.10245596,76.67166667,52.56753342,56.8,,
2010/12,84.37507109,78.58639328,86.90674233,89.70889714,27090.29629,27337.44126,6.798282015,1767.7899,5618.257399,159.8775322,,178643,74.93095445,,49.25321778,55.22181481,,,9.3,130830,5467,11579,90784,94.2792,93.5916,1257.640015,14738615,38550.79,12.40058065,4.887456522,5306.872421,78.13003101,81.747,51.97358189,57.5,,
2011/01,84.53079429,78.8086617,87.53950743,89.89474234,28937.64266,27874.8807,5.987636807,1443.6509,5624.044046,113.2684056,,207790,75.29599135,,49.06850988,55.82477203,,,9.1,130837,5427,11606,90809,94.3733,93.3889,1286.119995,14787440,36982.24,12.15320645,4.858990476,4551.122022,60.54292698,89.19631579,53.54139897,61.8,,
2011/02,84.66201928,79.05963176,85.15568023,89.57095963,27945.21627,28256.70744,5.942969804,1701.9788,5666.671669,90.5034157,,203497,75.57846024,,49.40888225,55.76100319,,,9,131056,5451,11637,91015,94.5521,93.0045,1327.219971,14893818,37019.7,12.07712143,4.841063158,4466.817145,49.66751224,89.80368421,53.31930659,67.9,,
2011/03,85.17799968,79.30216599,85.94936733,90.33103122,28866.48464,28393.36272,5.900468664,2117.8914,5693.473963,99.73200237,,255331,75.72345093,,49.3570081,57.3378555,,,9,131282,5477,11659,91200,95.1905,93.9684,1325.829956,15003502,37440.51,12.01917097,4.840768182,5357.069699,58.28743327,102.04,52.71350385,68.7,,
2011/04,84.45282186,79.51622233,87.40970113,90.11517344,28358.74248,28200.84927,5.338145311,1939.8625,5795.276082,108.9760254,,167641,75.71744095,,48.9257066,54.55954283,,,9.1,131597,5485,11689,91472,94.6415,93.6571,1363.609985,15022588,36962.62,11.75536333,4.846084211,4670.120559,56.29983332,110.52,52.84357167,66,,
2011/05,85.48878479,79.6616471,86.94976855,91.04360308,29613.67314,29403.63946,6.117435723,2236.9868,5883.9595,108.6620534,,232729,75.15926438,,50.24450307,55.98063178,,,9,131704,5516,11697,91585,94.6336,93.7723,1345.199951,15050810,35832.79,11.65233548,4.847154545,5218.381996,62.33880941,103.9289474,53.21550029,56.3,,
2011/06,85.85972657,79.7842075,86.96728924,91.81643996,29691.43667,30235.81828,6.232403766,2089.4759,5957.182547,106.7003372,,246037,75.15550814,47.00168511,49.69909302,56.52322343,54.577,,9.1,131931,5528,11710,91741,94.7651,94.0493,1320.640015,15090360,36558.07,11.80157,4.845422727,5507.317355,60.27496476,102.8245455,53.00787634,56.5,,
2011/07,86.15301222,79.92914959,86.65903112,91.68574671,29522.31341,29994.0679,6.134839526,1972.6129,6038.80339,121.4549198,,212513,75.51610674,46.34690783,50.90478576,57.15289644,55.643,,9,131993,5547,11729,91869,95.2968,94.4958,1292.280029,15131332,35999.34,11.67069355,4.821342857,5407.154696,63.40393259,105.298,52.88630336,65.8,,
2011/08,86.84963047,80.09184677,87.0068682,92.14490045,29100.45423,29270.44603,5.986707457,2216.8552,6217.445171,114.8782489,,233301,75.63555502,42.38089394,46.52405421,56.22081133,51.764,,9,132125,5552,11748,92003,95.7347,95.0974,1218.890015,15202180,35721.1,12.2,4.808,6025.269847,65.232632,98.311,52.43188711,59.6,,
2011/09,86.91777579,80.20835492,88.09975724,91.96296109,28978.71849,30191.29238,5.863952893,2157.5537,6245.646578,111.4974478,,236540,75.82111305,40.87823365,46.63883783,55.6079353,49.883,,9,132344,5584,11752,92213,95.9916,95.0244,1131.420044,15315651,33503.28,12.92340667,4.777595238,5986.391206,59.67521319,100.1609524,49.96277899,46.7,,
2011/10,86.97753945,80.27692347,88.13460989,92.91693746,29060.94567,29446.59141,5.817162687,1976.2471,6359.056315,117.199704,,253651,76.3327123,40.13626655,45.67149631,55.82002071,45.14,,8.8,132553,5588,11762,92385,96.525,95.6891,1253.300049,15445527,36159.99,13.46867742,4.794266667,6301.566037,64.34379152,101.6519048,52.82381039,50.9,,
2011/11,87.59655873,80.36001212,87.81062708,94.017629,29698.92251,29865.60969,5.942856976,1850.3941,6385.071461,124.2556203,,242259,77.15833283,34.28529968,45.28074317,55.12749561,45.338,,8.6,132690,5593,11753,92548,96.3246,95.6778,1246.959961,15550167,36829.15,13.63712333,4.799825,6003.371282,71.16057408,107.4157895,53.45820705,59.2,,
2011/12,87.53420973,80.51890225,89.46195088,94.5056865,30022.2907,30238.8014,5.585720438,1843.8366,6696.737942,169.5504438,,192083,77.79238536,37.97528731,42.85783783,55.38432613,45.714,,8.5,132888,5611,11783,92709,96.9673,96.1809,1257.599976,15350335,37077.52,13.74812903,4.798061905,6601.602225,85.29699278,104.672,53.24655931,62,,
2012/01,88.36539301,80.76831159,89.48473395,94.59402408,30841.74259,30501.80625,5.548182728,1555.5014,6756.553372,120.0758538,,215365,78.34304946,39.67399242,46.20246594,55.12460615,48.142,,8.3,133245,5626,11820,93012,97.8623,96.7595,1312.410034,15427859,37422.68,13.48801613,4.787345455,6419.11244,72.2928844,107.2905556,52.65476449,66.1,,
2012/02,88.52613465,81.06840448,90.42646015,94.55557193,31319.99427,31314.79334,6.247480796,1852.2529,6788.577273,98.63407572,,253910,78.50231384,37.27122239,47.17322512,55.58996439,49.698,,8.3,133508,5629,11841,93245,98.2798,97.0662,1365.680054,15563594,37816.69,12.80355862,4.78423,5877.050111,61.50779188,110.7065,52.8310299,71.1,,
2012/03,88.67031366,81.35014508,90.50461279,94.7033499,31226.26458,30279.74698,5.901676586,2164.5087,6909.560156,109.22235,,280444,78.54738867,35.35829296,45.58706317,55.05653794,50.856,,8.2,133748,5625,11880,93451,97.7678,96.5609,1408.469971,15695679,39521.24,12.75780968,4.769252381,6443.989296,68.23003962,114.7172727,53.86307086,71.9,,
2012/04,88.95755703,81.61321562,90.40845159,94.92540426,31242.02932,31488.78208,5.703102149,2104.2749,6944.225441,113.6000329,,219508,78.30097963,32.08264466,44.31785249,55.35594701,50.347,,8.2,133825,5618,11897,93529,98.2858,97.251,1397.910034,15706159,39461,13.02576,4.743826316,5692.039698,66.28852196,110.7805263,53.2070929,70.7,,
2012/05,88.49082476,81.88344817,90.22830736,94.80172992,31185.22223,31114.28533,5.999227076,2429.1369,7037.153565,117.5022076,,240113,78.05381934,31.34490088,43.17023616,55.20496692,48.088,,8.2,133933,5604,11908,93655,98.0067,97.4595,1310.329956,15731556,37872.95,13.53816129,4.760209091,6113.432715,73.47534863,102.4655,55.1764086,60.9,,
2012/06,89.11805649,82.16287296,90.4406989,95.27847475,30052.18964,29894.82442,5.630939072,2167.6113,7208.221851,117.5046015,,280645,78.41366669,29.53811301,42.48410772,55.72890215,44.52,,8.2,134012,5621,11918,93691,98.3717,97.4768,1362.160034,15806830,40199.55,13.97611,4.763290476,5931.25449,70.28782784,89.35684211,53.30027712,62,,
2012/07,89.44199209,82.41064719,88.78620625,96.03570782,30536.92776,30539.88523,5.544228242,1926.9582,7304.81717,127.3636975,,250811,78.85389747,31.32555082,42.67588517,56.1678777,47.138,,8.2,134157,5632,11944,93817,98.1887,97.6714,1379.319946,15849227,40704.28,13.39194516,4.777890909,5307.501835,77.76915766,94.66190476,52.64217636,69.9,,
2012/08,88.96722057,82.56747292,90.42587637,94.70740188,30523.97164,30240.51278,5.87195915,1967.1665,7348.650361,121.724787,,260543,79.0905403,34.97891853,44.6433381,56.35690981,50.269,,8.1,134338,5648,11940,93982,98.072,97.2734,1406.579956,15920256,39421.65,13.18332903,4.788165217,5232.502005,76.2782221,101.8775,53.40156395,62.7,,
2012/09,89.30066554,82.67752318,91.74229199,95.94760697,30474.94065,30571.29451,5.497483534,1734.3221,7415.432734,122.4886891,,263167,79.43911894,35.46125315,44.76776181,57.03139968,51.337,,7.8,134517,5661,11934,94150,97.8986,97.2217,1440.670044,16033095,40866.96,13.00449333,4.802305,4596.8475,70.27789371,102.6968421,54.49710525,50.5,,
2012/10,89.22125615,82.81334131,90.57319477,93.67979678,30568.95909,31887.96595,5.714764455,1848.5677,7516.286881,118.7727768,,294022,79.84103612,35.21111537,46.5039982,56.18676076,51.608,,7.8,134668,5674,11941,94313,97.727,97.5311,1412.160034,16182408,41619.96,12.86914516,4.816973913,5213.237264,75.12466602,99.74190476,54.00377013,56,,
2012/11,90.05374548,83.00095231,90.23144397,94.9003969,31118.16731,31638.01025,6.010645393,1762.57,7590.29681,134.0598161,,274484,80.3834365,38.48269534,46.941589,56.64796328,52.814,,7.7,134825,5684,11930,94484,98.322,97.9084,1416.180054,16294936,41833.52,13.10151667,4.842805,5329.288012,89.78993797,94.86875,52.67209382,66.2,,
2012/12,89.75873117,83.1940722,88.0496553,94.38611294,31257.32593,31086.56107,6.049166136,1773.4016,7814.348863,175.0047475,,189935,80.56824328,40.46731375,45.75553727,56.40486985,50.623,,7.9,135074,5724,11939,94675,99.0788,98.1884,1426.189941,16062043,43705.83,12.87298387,4.842089474,5853.457675,104.4485374,95.46611111,53.1076692,65.7,,
2013/01,89.75390643,83.35102431,89.9909494,94.47189256,30697.57671,31967.11483,6.212936088,1588.9104,7922.843536,122.6870837,,252130,80.89278202,39.89366855,48.47538865,54.14401182,49.317,,8,135257,5746,11962,94827,98.8291,98.1736,1498.109985,16106212,45278.06,12.71281935,4.841322727,5559.075661,82.285237,100.9935,52.82892223,68.7,,
2013/02,89.53964559,83.50066803,89.74281397,95.29542781,31280.03509,32119.56129,5.742579394,1721.9287,7887.801951,100.0130276,,255632,81.29094297,40.63976703,50.52355593,55.37387709,55.343,,7.7,135545,5784,11974,95048,99.2924,98.6434,1514.680054,16227085,44120.99,12.71638214,4.823110526,4825.703461,68.67807108,107.7571429,51.6384642,74.2,,
2013/03,89.51576914,83.69085886,89.79593484,94.19174558,31740.83031,32246.83942,5.810517141,1935.7183,8037.338888,116.5013069,,248281,81.88743314,43.47370693,49.74827409,55.68196863,58.663,,7.5,135689,5802,11977,95180,99.23,99.047,1569.189941,16281079,44077.09,12.54896129,4.482366667,4648.387667,76.48851169,103.7494444,51.75642968,76.2,,
2013/04,89.17495524,83.92824655,89.12374965,92.90086187,31620.5923,32179.16397,6.321057375,2050.798,8024.95618,110.2897949,,251914,81.94152293,46.04885262,50.09418632,54.47797435,62.182,,7.6,135873,5796,11978,95373,98.9011,98.9445,1597.569946,16347973,42263.48,12.21560333,4.334563636,5738.836871,74.27105012,98.9,51.88477249,70.5,,
2013/05,89.94887176,84.17863831,89.89681426,94.87089384,30932.1658,31576.591,5.467481493,2176.62,8081.487987,117.8038248,,267166,81.66882024,44.85434231,51.41406228,55.11914093,61.055,,7.5,136095,5829,11978,95563,99.198,99.0383,1630.73999,16354902,41588.32,12.23944839,4.316454545,5471.203481,77.78461646,98.40315789,50.68123095,64.1,,
2013/06,89.62407862,84.32256694,89.66448251,93.90080719,31663.53654,31760.74152,5.782143362,2067.0878,8032.965483,120.566139,,278285,81.61923793,42.73097972,49.73167377,54.08625113,59.877,,7.5,136279,5855,11982,95738,99.4291,99.2221,1606.280029,16357421,40623.3,12.95020333,4.303635,4823.114038,85.98693599,96.4495,51.7430962,64,,
2013/07,89.71866037,84.34037462,90.06410616,94.09812772,32048.14949,32017.72211,5.606109222,1945.4921,8083.107684,126.0434183,,250479,81.59219304,42.03945406,50.01836293,53.97831708,58.535,,7.3,136391,5859,11962,95892,98.5558,98.8987,1685.72998,16362732,40837.88,12.7692,4.318304348,5533.323232,86.62396918,100.5827273,51.61385151,73.8,,
2013/08,90.23505354,84.3082924,89.13462806,94.96921921,31722.0423,31621.71356,5.496036738,2024.0101,8166.603099,125.0703545,,271056,81.82432839,40.13511909,48.76910276,53.21238674,57.13,,7.2,136646,5878,11992,96078,99.4032,99.4897,1632.969971,16414905,39492.37,12.88348387,4.30615,5436.917786,86.80546963,101.3063158,50.03537273,65.5,,
2013/09,90.13696778,84.34814235,89.182776,94.06411199,32027.63493,31375.16949,5.730858031,1890.4586,8238.401884,120.7231044,,253357,82.13233968,35.34874934,47.06618872,53.64897571,53.206,,7.2,136821,5910,12010,96198,99.4641,100.021,1681.550049,16508845,40185.23,13.08974333,4.104905,5407.135822,83.70052234,100.338,49.78831376,51.4,,
2013/10,90.37860927,84.48027927,89.0676528,94.73877646,31887.79451,31509.04843,5.529659524,1973.1587,8376.027734,118.3601082,,297840,82.52298816,34.63009885,44.0756249,54.53510934,50.67,,7.2,137041,5931,12033,96379,99.6389,99.9037,1756.540039,16652436,41038.65,13.02170323,3.976856522,5918.653143,87.82176204,94.89681818,50.26705614,57.2,,
2013/11,90.21935981,84.67629927,89.54287231,94.78393831,31533.5192,31132.03526,5.103232341,1796.2248,8510.125841,139.9870224,,267343,83.29226516,32.1697418,42.98175908,54.52994956,46.955,,6.9,137316,5963,12054,96588,99.6647,100.1582,1805.810059,16772971,42499.13,13.06409333,3.78953,5528.952865,101.1280878,89.49105263,50.79838911,67,,
2013/12,90.7028878,84.90049548,88.98677875,95.05232276,32413.77581,31277.38857,5.915460882,1919.63,8648.388935,175.7217039,,176651,83.7700583,31.30959228,46.21517633,55.23615573,43.379,,6.7,137373,5932,12060,96695,99.494,100.374,1848.359985,16525061,42727.09,13.00104516,3.790335,6707.553075,121.4430329,92.2615,53.53939392,67.7,,
2014/01,90.14186703,85.12994995,88.21466554,95.17518262,30953.33682,32053.01116,6.437750738,1706.7546,8614.377566,120.4057738,761.3278059,261043,84.51905163,32.30709117,42.5477395,55.06377354,43.391,,6.6,137561,5985,12058,96833,98.3918,99.9899,1782.589966,16547040,40879.75,13.20103871,3.781972727,6028.006486,94.9923709,90.1545,52.57351202,70.2,,
2014/02,91.17506164,85.34895582,89.15658462,95.66213129,32615.0807,32664.58649,5.763289785,1788.209,8748.159375,100.018365,775.02055,260007,84.73315704,33.6006228,44.98282997,54.79108276,48.781,,6.7,137712,6007,12084,96921,99.3286,100.7471,1859.449951,16672599,38782.89,13.29067143,3.787052632,4986.425853,82.37227461,94.17947368,52.32805142,76.2,,
2014/03,91.44852226,85.56589508,89.24995684,96.96249788,32502.20054,32948.70117,6.134545844,2182.6248,8738.105204,114.5715923,764.5671932,291002,84.96529239,34.08053514,44.7927733,55.11465146,48.521,,6.7,137985,6038,12096,97139,100.2242,101.7435,1872.339966,16781325,40461.6,13.21485161,3.801295,5273.4039,94.00783348,93.14761905,51.7891781,73.9,,
2014/04,91.87783642,85.77243634,90.26911566,97.1851011,33404.31379,33295.05711,6.315809615,2056.9042,8786.498983,113.9164639,788.810586,261213,84.80677925,34.58575416,44.53082352,55.3266459,48.895,,6.2,138297,6084,12109,97365,100.2122,101.8273,1883.95,16837367,40711.56,13.07711667,3.806435,5239.652869,90.149179,95.342,50.65241978,72.4,,
2014/05,92.53985336,85.96662046,90.16678831,97.59971122,33233.73681,33562.34028,5.766719866,2234.0545,8891.906773,122.5721614,789.9978298,301283,84.53557906,33.84534749,43.35227892,54.86010523,48.115,,6.3,138512,6109,12120,97563,100.5068,102.2392,1923.57,16885220,41362.51,12.95623226,3.802509524,5437.671908,96.0100153,97.63055556,50.53072159,67.7,,
2014/06,92.2060985,86.17686789,90.1958372,97.86414341,33298.73091,33684.20105,5.891465777,2095.8672,9050.303339,120.6212335,757.2466797,301011,84.68207224,36.20927301,43.99260391,54.64568808,48.068,,6.1,138849,6133,12146,97782,100.8203,102.5774,1960.23,16928515,42737.17,12.97570333,3.428647619,5810.153583,94.45195652,100.1909524,50.12315939,65.2,,
2014/07,92.74112009,86.45675891,90.22367886,97.23964634,33114.64862,32977.98309,6.459865657,2051.0516,9166.899478,127.6512837,780.8470162,275565,84.91495883,32.67114758,46.08811638,54.52064724,49.17,,6.2,139073,6178,12165,97932,101.2857,102.7954,1930.67,16965972,43817.69,12.973,3.297508696,5757.142586,101.0830152,95.55047619,50.42565453,73.6,,
2014/08,92.13681732,86.82012496,90.86201476,96.76326472,33703.66755,34565.23976,5.823412272,2057.7782,9183.766572,129.9339791,759.244303,286708,85.21996514,34.51379742,46.76700693,54.95916947,50.16,,6.1,139269,6210,12182,98123,100.7341,102.6322,2003.37,17023661,45628.09,13.15001935,3.298552381,5270.22224,101.7034627,92.3145,52.82857999,66.6,,
2014/09,92.35020291,87.21355588,89.78666597,97.39105601,33613.48765,32833.61217,5.585563697,2015.0182,9130.298393,118.5018221,767.9645997,267674,85.59633992,37.79373092,46.62745206,54.91500392,50.465,,5.9,139563,6242,12201,98319,100.7977,102.9417,1972.29,17180093,44985.66,13.21131333,3.289314286,5572.021332,92.95293968,89.42666667,51.7356801,51.8,,
2014/10,93.02338687,87.57737946,90.86119552,98.12049755,33773.9947,33074.11437,5.724311933,2097.4737,9368.578752,121.0862431,778.854039,330164,86.06962558,37.49270476,47.37746015,54.83703835,50.369,,5.7,139797,6259,12233,98489,100.7226,102.9611,2018.05,17352227,45027.52,13.47454194,3.291913043,5957.853506,96.2281344,79.41904762,51.32852438,56.8,,
2014/11,93.13499634,87.87782577,91.74960868,98.09931037,32966.96344,34663.70948,5.290327624,1824.4766,9535.56662,143.3898514,756.3236918,284816,86.76377787,35.08945108,45.75043299,55.05778174,45.746,,5.8,140090,6272,12260,98727,101.4292,103.5978,2067.56,17475077,44190.47,13.59029667,3.287321053,5400.325877,113.2670704,72.37222222,51.29809456,66.6,,
2014/12,93.0734251,88.1328838,91.46762445,97.93033008,33068.51207,33396.97314,4.926732242,2291.6336,9630.957416,177.9480441,839.4121161,208498,87.18898371,32.68098084,42.99189256,54.9717288,44.302,,5.6,140364,6293,12266,98963,101.2601,103.6151,2058.9,17239587,43145.66,14.45303548,3.29972381,6873.70438,133.0992634,52.77857143,50.56448036,71.2,,
2015/01,93.20628041,88.36086989,92.6416988,97.54054555,31642.43514,32640.97334,5.201728699,1671.4057,9814.038681,127.9226717,757.7513992,282077,87.11010277,34.00331255,41.75284748,55.33240027,43.275,,5.7,140568,6320,12265,99135,100.6598,102.7923,1994.99,17299371,40950.58,14.67395484,3.30162381,5874.838983,106.6616031,39.222,49.71308387,74.5,,
2015/02,93.45661209,88.5831723,92.98271196,98.33312756,31753.22401,32251.44613,5.352583354,1893.1655,9807.460206,105.5530893,776.4954382,298614,87.27537713,31.68488911,39.68409679,55.27786344,40.232,,5.5,140827,6361,12275,99338,99.9051,102.1366,2104.5,17433062,44190.17,14.904375,3.297089474,5349.917582,94.13232768,47.44529412,50.56586633,78.8,,
2015/03,93.61694531,88.82081602,93.07275662,97.66859241,32535.34683,33156.8422,5.045486059,2305.4392,9666.351336,120.6401768,772.6098805,318608,87.63071699,30.26795355,39.92444339,54.38554953,39.31,,5.4,140923,6334,12286,99473,100.2242,101.7869,2067.89,17538198,43724.78,15.20997097,3.302909524,6288.046445,106.1984285,46.29090909,49.71533785,74.9,,
2015/04,94.51590142,89.04558648,93.31939614,98.6446871,32117.1608,33095.73342,5.032849441,2047.7711,9789.98492,120.1478752,790.1942099,300726,87.40384038,28.90711629,38.41361058,55.27090273,35.9,,5.4,141196,6392,12291,99664,100.2004,101.2255,2085.51,17603315,44582.39,15.22745667,3.296515,5806.803987,101.840799,52.315,51.05657358,76.1,,
2015/05,93.84465219,89.21280326,93.56804363,97.86859832,31346.46154,32974.36266,5.329163467,2247.4372,9892.928856,132.3090992,783.1518965,304384,86.96736583,31.02010249,38.48010146,54.8864174,38.764,,5.6,141538,6427,12306,99970,100.2124,100.7675,2107.39,17595860,44703.62,15.25360645,3.30117,5507.8514,113.6424001,57.17,50.98369278,71.1,,
2015/06,94.27465115,89.34210105,93.94806359,98.34997493,32391.29278,33796.22482,5.083210457,2198.2765,9858.297954,127.5735469,781.6573811,323481,87.11310776,27.84433267,38.40635553,55.04235505,39.169,,5.3,141709,6441,12307,100129,99.8246,100.4588,2063.11,17674295,45053.7,15.45055667,3.304663636,6558.072386,107.6663653,56.24714286,51.14472293,69.7,,
2015/07,95.03896944,89.48679384,94.89633419,99.45982765,32318.12943,33360.67284,5.173063258,2288.9386,9929.652199,137.5550385,835.8003694,271218,87.24081976,28.099852,37.13710418,55.36060879,39.319,,5.2,141991,6472,12323,100339,100.5337,101.0893,2103.84,17718986,44752.93,15.87622903,3.303521739,6672.328409,114.5745339,49.65285714,50.00484201,76.6,,
2015/08,94.97400201,89.71519175,95.68962795,99.80842148,31710.49129,33995.23164,5.009472663,2308.932,9958.348277,141.2225135,784.0101026,306315,87.42487529,27.0409598,36.52059235,54.75402552,38.315,,5.1,142125,6490,12318,100463,100.2452,100.9165,1972.18,17791345,43721.96,16.50887742,3.316166667,6147.43343,117.8484907,38.625625,49.06914896,69.8,,
2015/09,96.45957582,89.98865887,95.29716614,101.686009,31533.65054,32650.33428,5.120794313,2097.7903,9883.588125,129.2298765,799.7296264,295410,87.75241902,26.41178552,35.53226151,55.12636837,38.831,,5,142275,6508,12326,100621,100.015,100.633,1920.03,17908989,42632.54,16.83229,3.3343,6394.948969,107.8542696,39.605,49.51226472,54.5,,
2015/10,95.22401595,90.27149298,95.26769032,99.73440407,32123.18489,32891.36301,5.239773933,2131.7302,9967.876774,133.6347618,799.9549876,344031,88.2039185,26.98958229,37.95969464,54.78006755,39.454,,5,142579,6547,12334,100872,99.861,100.1563,2079.36,18055468,44542.76,16.59931935,3.305018182,6576.813487,111.8342484,39.14933333,52.68560631,61.9,,
2015/11,94.60385316,90.54983179,95.00543007,99.0303417,31017.75338,32687.15303,4.423298446,1944.0834,9857.13742,153.0485282,788.0366129,309626,88.68546788,28.60124382,38.14188764,54.80721144,40.069,,5.1,142808,6598,12329,101045,99.6074,99.4366,2080.41,18187747,43418.55,16.63219333,3.3163,6009.186081,137.9692891,35.545,51.43359721,71.1,,
2015/12,94.86631126,90.80629297,95.53271042,99.47805083,29749.2782,31442.5446,5.449840595,2241.5383,10119.05145,193.9240153,848.2687606,235564,89.04681772,29.8103251,37.62716944,54.40530642,37.572,,5,143077,6630,12333,101271,99.3454,98.9471,2043.94,17884033,42977.5,17.01277742,3.415127273,7584.685765,156.4311028,29.05210526,49.5181265,69.4,,
2016/01,95.12622719,91.04904668,97.04335274,99.40302856,30790.79922,31849.57842,4.815959255,1976.3992,10237.1621,139.126188,771.4906864,279035,89.38638139,31.02405518,37.49807726,54.74106154,36.413,,4.8,143210,6631,12354,101379,99.7457,99.4391,1940.24,17953203,43630.77,17.94564839,3.55659,6196.640501,128.2723925,23.167,51.48481431,71.1,,
2016/02,95.54696249,91.28543645,96.74594042,99.54396203,29738.15686,31611.43563,4.86636228,2123.221,10194.5104,115.4373472,810.7021995,283887,89.77778112,29.5514952,35.92720198,54.5610493,37.066,,4.9,143407,6640,12337,101582,99.4054,98.9232,1932.23,18095494,43714.93,18.45920345,3.75062,6131.915822,113.8273158,25.26058824,50.92989275,73.3,,
2016/03,95.09064608,91.50141246,97.03429782,98.79670069,29147.2946,31078.44852,4.773632869,2235.7849,10160.87325,128.2818104,827.7361938,280216,89.9100006,29.84796916,35.90931639,54.05097946,36.855,,5,143662,6678,12313,101802,99.3351,98.1635,2059.74,18154906,45881.08,17.67208387,4.062685,6524.646815,122.7633536,30.39238095,50.66750314,74.7,0.356450806,
2016/04,95.17136,91.69823378,97.47488461,98.58550467,30119.78756,32169.47887,4.480831762,2213.3934,10188.61594,132.4019977,811.9173541,284563,89.62527796,28.1769685,36.86240376,54.25903633,38.905,,5.1,143855,6702,12325,101966,99.1995,98.4775,2065.3,18237468,45784.77,17.48096,4.064233333,6248.02012,120.6223331,32.68333333,50.75190582,71.8,0.358177035,
2016/05,95.47958037,91.9163978,97.80208847,98.97635813,30565.14229,31470.6852,4.86649722,2532.8538,10183.33545,136.9559792,815.560984,292337,89.22561452,26.81982309,37.60131394,54.52798754,37.355,,4.8,143900,6689,12303,102042,99.1249,98.2549,2096.96,18257802,45459.45,18.05380323,4.075022727,6247.553653,132.9365939,38.3635,51.14952885,69.3,0.353680021,
2016/06,95.92819366,92.212222,99.38169172,98.73225178,30556.17731,31806.05135,4.598247091,2366.6498,10257.8398,135.115653,838.5184277,332231,89.32402789,26.38050252,38.84197094,54.38130094,36.339,,4.9,144146,6701,12321,102287,99.3916,98.7315,2098.86,18326071,45966.49,18.62126667,4.101218182,6605.455432,128.3625903,40.47090909,46.92349102,70.7,0.296204334,
2016/07,95.82052247,92.57225743,98.78525174,98.69252849,31395.29447,32333.51021,4.402151883,2306.0699,10314.30474,152.0337114,825.912164,294643,89.55691448,24.68688083,37.44281472,54.47794381,35.831,,4.8,144520,6735,12342,102502,99.4263,98.8452,2173.6,18348131,46660.67,18.58810645,4.559785714,6334.219171,138.7663564,38.75473684,51.72568488,77.3,0.344148288,
2016/08,96.15592992,92.94731111,99.65157464,98.83145599,31163.06406,32001.00931,4.462034636,2318.9361,10279.24845,144.0717288,827.050081,344696,89.80933349,23.94350691,37.33781395,54.84776136,34.991,,4.9,144662,6736,12319,102676,99.0728,98.7427,2170.95,18466227,47541.32,18.4601129,4.590630435,6714.624666,135.5883136,38.59238095,51.2354758,69,0.327413532,
2016/09,96.77168135,93.31841637,100.1364245,98.91113868,32275.72317,33102.5943,5.056142778,2441.427,10567.74794,137.3010853,821.0963128,300919,90.35774385,21.96255281,38.84014552,54.67851205,34.3,,5,144967,6768,12317,102914,99.2908,98.6552,2168.27,18626402,47245.8,19.11921,4.611019048,6537.363214,127.0224302,37.808,50.96275566,58.2,0.335257641,
2016/10,97.00848129,93.66560516,101.522708,99.15408954,32055.27489,32351.08816,4.300493219,2273.9136,10515.08203,144.4439076,811.9846449,341156,90.90615422,21.88883321,37.09806236,54.85689198,33.722,,4.9,145066,6799,12316,103012,99.4335,98.7237,2126.15,18797954,48009.28,18.97319355,5.108561905,6594.722699,137.5295922,40.33619048,50.49499695,64.5,0.355003708,
2016/11,97.2451386,93.96542433,100.3279932,100.2573586,32901.44321,33048.95127,4.378299117,2444.7874,10613.18858,161.4852415,828.9784816,328858,91.61683394,22.21967612,37.83057292,54.23970363,33.356,,4.7,145183,6823,12311,103125,99.3623,98.3443,2198.81,18935841,45315.96,19.96946333,5.336275,7050.998212,157.4967795,37.8445,49.16853357,71.7,0.352858865,
2016/12,97.71300912,94.28151777,100.5816632,99.97044412,32726.37875,33775.49351,4.473560819,2397.7077,10811.21496,203.5671428,885.3879274,253963,92.0390348,21.05736241,37.4015177,54.53742623,32.983,,4.7,145408,6818,12324,103315,99.4132,99.0406,2238.83,18616624,45642.9,20.54281613,5.839009524,8273.399909,185.3475999,44.791,49.00838677,71.1,0.358468106,
2017/01,97.99568501,94.6779358,99.28425484,100.6723327,32967.87894,33673.77882,4.042105246,2196.0865,10832.68894,142.2904819,749.964853,295708,93.60388244,17.42291928,34.62271511,53.71784451,26.66,30.999,4.7,145628,6840,12334,103491,99.6076,98.8158,2278.87,18699916,47001.06,21.39549677,6.127995455,7563.649502,150.9218826,45.51,47.37784018,73.6,0.351910585,13102664.84
2017/02,97.5455311,95.11116681,99.37845981,100.2610518,33286.53785,33826.97286,3.640833399,2191.0386,10861.36002,116.2473006,770.350238,319272,94.14478034,15.8274058,31.72412255,53.97771297,26.918,38.91,4.6,145848,6881,12350,103635,99.5076,98.4356,2363.64,18853971,46856.79,20.35245714,6.438763158,6519.358547,132.4428209,45.53736842,46.47279756,76.8,0.397114306,25193984.15
2017/03,97.88662684,95.48007521,98.38986271,100.9485919,32961.31406,34095.89809,4.066992406,2678.2118,10931.4629,130.4095658,796.1953929,383198,94.72248933,17.86582869,34.60887507,54.47793818,38.446,41.674,4.4,145969,6902,12361,103717,99.1704,99.0492,2362.72,18994318,48541.56,19.41648065,6.627954545,7665.753547,149.9426363,42.21565217,47.57970559,75.3,0.43859772,15085420.4
2017/04,97.84517301,95.76702721,99.07354114,99.60438318,33277.71647,33630.51304,4.114381949,2449.3006,10949.605,136.7598317,770.2714369,301814,94.83893263,20.73008839,35.80618222,54.61219434,42.352,49.111,4.4,146174,6916,12367,103887,100.3399,100.0416,2384.2,19021083,49261.33,18.78121667,6.866122222,6474.8546,148.8112556,44.30333333,48.12637819,77.3,0.450301682,14165674.36
2017/05,97.67176181,96.05835613,98.8050633,99.92054259,33171.17828,34572.87075,3.941279354,2754.1658,10868.73617,140.6145181,810.0640825,352392,94.72549432,23.34616648,37.56787843,54.54506544,44.439,42.923,4.4,146380,6931,12377,104051,100.147,100.128,2411.8,19047825,48788.44,18.79970968,6.977881818,7245.297691,157.5499006,44.222,52.96117609,72.5,0.443889283,12298942.27
2017/06,98.12508603,96.41320823,98.44739343,99.95756428,34213.58403,34962.86634,3.851680791,2609.611,11068.59578,137.8943112,816.4778397,359943,94.96363964,24.03640248,39.17702828,54.61561345,51.208,49.309,4.3,146583,6962,12390,104194,100.1764,100.337,2423.41,19134058,49857.49,18.20814667,7.2149,7602.515194,154.030592,41.50190476,54.22702778,74.2,0.384998566,11732345.21
2017/07,97.2934558,96.80631553,98.9227027,99.22360421,33878.53129,34587.50735,3.961527815,2663.0471,11183.56371,153.2647368,789.2236012,316519,95.32273574,26.98715504,41.75842231,54.051472,53.783,53.8,4.3,146772,6968,12390,104360,99.7881,100.0865,2470.3,19172222,51011.87,17.85459032,7.366361905,7453.744228,162.5134033,43.79947368,54.39213879,79.6,0.239575216,5451375.399
2017/08,98.29483155,97.17454247,98.69770082,99.78739228,34254.50373,35892.23203,4.025886325,2678.7156,11090.20769,144.9314736,820.0021053,383229,95.79376765,27.22741557,41.63310848,54.27675927,52.214,51.253,4.4,146919,7002,12435,104489,99.5608,99.6323,2471.65,19292865,51210.48,17.80649677,7.375591304,7858.687427,160.7643327,45.53285714,53.9677619,69.9,0.335153104,8771533.234
2017/09,97.22290755,97.46677651,98.42636118,98.47078005,34290.37495,35484.42109,4.214235771,2550.7464,11325.15252,141.1124817,795.0327988,338822,96.09351524,27.25510708,43.93716669,52.89830558,47.505,46.536,4.3,147007,7013,12443,104533,99.6241,99.7482,2519.36,19428916,50346.06,17.80553667,7.376442857,7212.568069,147.3554845,48.38421053,52.19156904,56.7,0.349076812,5523246.86
2017/10,98.42780579,97.71843141,98.92906467,99.74301378,35080.68727,36489.7926,4.109540668,2873.1654,11306.91925,142.9888538,781.4863728,398516,96.69826913,28.07496109,41.72587939,53.46845017,49.56,44.967,4.2,147150,7031,12457,104615,100.6954,100.9893,2575.26,19623674,48625.53,18.71361613,7.378977273,7705.802838,157.5192528,49.00142857,52.29256095,65.4,0.342539806,4711921.023
2017/11,99.20622044,97.98207781,98.20619708,100.1314531,36086.12152,35989.23834,4.006748304,2473.8381,11474.17352,164.6131594,813.7836543,361807,97.69517399,21.93572515,40.24502769,54.16359684,46.997,40.428,4.2,147373,7068,12472,104763,100.7956,101.2493,2647.58,19755991,47092.44,18.98972667,7.37982,7490.964863,182.2807647,53.493,52.63331442,75.8,0.330828052,4338973.982
2017/12,99.8421688,98.26274964,99.33809406,100.7782402,36572.45025,38078.93468,3.854104924,2824.9873,11709.3147,206.2876843,855.1406614,274837,98.27288299,23.152066,41.41569605,53.98558546,43.841,37.015,4.1,147523,7091,12501,104853,100.587,101.4871,2673.61,19418455,49354.42,19.1012871,7.505247368,8531.815036,213.9813292,53.69947368,52.38114792,76,0.31916858,3819174.08
2018/01,99.15878646,98.52660515,99.31363866,99.93136019,35646.75516,36573.05564,3.989081206,2308.8292,11435.65938,152.5353966,764.9579349,315870,98.7949997,21.29542337,41.66146151,53.49255971,45.431,32.079,4,147660,7093,12527,104968,100.2477,101.4852,2823.81,19532177,50456.17,19.00617419,7.636059091,8052.156783,174.0105946,58.53,52.24010225,72.6,0.301774835,8399409.815
2018/02,99.6498898,98.77142889,98.63500083,100.3479272,37178.8548,37623.16627,3.925430607,2292.3587,11466.69647,125.5470847,777.1375533,341468,99.17137448,20.53135716,43.35564809,54.10535498,45.679,33.237,4.1,148054,7184,12551,105193,101.1191,101.7319,2713.83,19696488,47437.93,18.61594286,7.781915789,6990.631407,153.7445268,55.8265,52.92481831,76.8,0.332660198,20162201.88
2018/03,100.343771,99.05318236,99.97743013,100.3878726,38110.6821,38663.78701,3.95302842,2730.9501,11772.83326,147.8844476,804.9456807,346110,99.49215698,21.89294032,46.249057,54.23671127,51.769,33.881,4,148280,7194,12576,105369,101.0662,102.1943,2640.87,19786997,46124.85,18.6548871,7.834136842,7915.117229,177.4233868,55.79590909,52.23268248,76.8,0.336944155,22143150.46
2018/04,99.42261334,99.38184313,99.07623557,98.72342398,37296.84588,37884.20474,4.200392578,2816.4145,11805.41899,141.1361463,759.1011634,306313,99.15484705,22.17450301,44.49025004,53.52785624,43.794,34.386,4,148422,7212,12595,105449,101.8102,103.3551,2648.05,19874106,48358.16,18.34659,7.840461905,8193.388434,164.7542418,58.4147619,50.9295589,76.2,0.3416284,7183651.396
2018/05,100.1441408,99.713157,99.47970733,100.7566891,36474.91192,38512.45859,3.696425284,3232.3766,11902.19044,152.7073667,801.0871949,367502,98.99408017,20.78598619,42.61697869,53.89554344,40.232,29.049,3.8,148740,7274,12623,105668,100.9597,102.381,2705.27,19908072,44662.55,19.45514839,7.850959091,8029.860213,183.1082408,63.81521739,51.85260985,70,0.328255762,8992991.261
2018/06,99.95009209,100.0008016,99.91017527,100.5743631,37222.34838,39077.82917,4.065826303,3224.4911,11989.48239,153.3384741,793.4411786,369848,99.37646493,18.58833181,39.80326765,54.14468771,43.845,26.275,4,148959,7292,12656,105799,101.7171,103.2256,2718.37,19894575,47663.2,20.31281,7.928114286,8314.850713,179.5343334,64.7947619,51.0157837,72.5,0.324022783,8973765.455
2018/07,100.2378976,100.2446472,100.0040729,100.8626526,37402.17012,39236.7817,3.804472369,2930.1358,11914.97541,165.8324452,751.443,315502,99.9090991,26.1197017,43.50626304,53.91451305,55.295,38.848,3.8,149020,7318,12676,105860,101.7427,103.3561,2816.29,19949244,49698.01,19.09663871,8.104227273,8014.54748,189.6325831,66.47363636,51.15969971,78.7,0.325271682,9649548.081
2018/08,100.61201,100.4767529,99.78233406,100.0628193,37952.80459,39199.66953,4.078161516,2961.1494,11957.39118,157.6854433,766.4252093,392528,100.492,27.58103622,45.38876586,53.6222624,51.699,40.012,3.8,149279,7347,12688,106039,101.9949,104.0585,2901.52,20063433,49547.68,18.80422903,8.106008696,8438.524866,186.3111656,63.69217391,50.7073031,67.7,0.323293924,9668101.096
2018/09,100.6976665,100.7047749,100.2236946,100.9391827,39378.97341,39463.45704,3.758971726,2796.1366,12033.30918,155.0826174,729.5655092,337364,100.917,24.90045434,43.90599539,53.87907696,50.776,37.963,3.7,149358,7375,12710,106061,102.0195,104.1038,2913.98,20192960,49504.16,19.03591667,8.114085,7425.509639,177.7792716,68.8185,51.53591083,53.4,0.321559744,9251519.82
2018/10,100.5973618,100.9211829,101.4864694,99.91837089,38339.16101,39887.50454,3.661914844,3115.6072,11964.89326,153.7130179,739.439247,391392,101.44,23.94615166,43.89202129,53.62297955,51.091,37.827,3.8,149526,7389,12731,106186,101.551,103.9297,2711.74,20356179,43942.55,19.09211935,8.117917391,8219.51652,184.1412791,74.09434783,50.59936823,62.3,0.322611919,13034271.28
2018/11,100.0213006,101.1123864,101.6620547,99.2274178,37473.10618,39872.42001,3.815819686,3005.4157,12137.91429,181.0744753,737.4082873,364959,102.303,23.53325548,43.64829297,53.30862264,46.173,31.923,3.8,149617,7386,12741,106283,101.2909,104.0126,2760.17,20457926,41732.78,20.25495,8.24542,8115.311803,213.8604606,60.78636364,49.38949696,73.2,0.324812943,8447075.724
2018/12,99.66900174,101.2889172,100.6996762,99.02187739,38012.36481,37997.84092,4.520087918,3021.2516,12242.88549,220.9341099,745.5007702,255465,103.02,22.13376312,42.16685059,53.65856388,46.67,30.59,3.9,149809,7396,12761,106398,101.6681,104.0451,2506.85,20079365,41640.27,20.15294194,8.410310526,8707.698142,241.6672848,49.67761905,50.15174683,71.9,0.312737612,7735117.337
2019/01,100.1010467,101.456086,101.597514,99.13436478,37478.43811,38582.01646,3.983059739,2527.5581,12331.99498,162.4501974,707.1698051,350832,103.108,22.35795679,46.09739235,53.77573447,42.612,36.187,4,150059,7425,12790,106591,100.7387,103.3598,2704.1,20174011,43987.94,19.22744194,8.592259091,8190.231267,198.9187265,51.26173913,49.76547976,70.8,0.304673136,9612819.693
2019/02,100.4198204,101.6251878,102.069187,99.64177515,38499.39287,38345.40041,4.109783459,2506.4369,12314.3942,135.4653044,730.6308396,331091,103.079,22.333991,46.06835285,54.11826195,41.559,38.872,3.8,150065,7395,12782,106620,100.1944,102.8251,2784.49,20299993,42823.81,19.18334286,8.5617,6975.541467,176.3413895,56.893,50.38614063,77.1,0.31957362,8877012.148
2019/03,99.21156511,101.7977809,101.4875903,98.36350211,38319.44436,38210.66367,4.209555869,3038.1022,12455.59807,155.4265544,723.3879832,368180,103.476,19.1468391,46.31816366,53.68917561,46.979,39.024,3.8,150295,7425,12788,106771,99.9879,102.8361,2834.4,20348508,43281.28,19.24877742,8.51902,7677.125327,203.8402839,59.96190476,50.08411632,76.9,0.344462029,7732635.261
2019/04,99.67790565,101.9593725,101.6204215,99.16892983,39032.85356,38688.99339,3.985092976,3014.8781,12390.83103,152.9915826,745.6817674,320973,103.531,19.10079828,47.48353181,54.19795997,50.792,41.021,3.7,150593,7468,12785,106982,99.3169,102.2748,2945.83,20378927,44597.32,19.01630333,8.498155,7522.762599,193.8412748,63.57681818,50.38039895,74.1,0.340069297,9124587.058
2019/05,99.25118164,102.0913652,101.925415,98.50177822,39082.43334,38430.61969,4.299957016,3387.2534,12608.134,167.2145665,741.5023255,373776,103.233,18.01664816,48.29939743,53.60920737,44.964,40.923,3.6,150621,7478,12778,107065,99.3884,102.4176,2752.06,20382910,42749.16,19.09190968,8.506554545,7911.71153,213.3507596,62.22826087,48.42132203,68.8,0.33147808,14573480.52
2019/06,99.72456728,102.1730325,102.5721412,99.46974058,38861.32155,37668.32557,4.142487794,3293.2442,12611.31116,166.6789213,724.2830134,360817,103.299,17.22773351,44.60254068,54.59177114,43.944,36.104,3.6,150839,7502,12787,107212,99.818,102.5425,2941.76,20368666,43161.17,19.26677667,8.507475,7798.669686,208.9656249,57.642,47.9175539,70.9,0.318291384,7857136.784
2019/07,99.55766219,102.1546977,102.3488193,98.88903285,38520.0896,38333.06582,4.168918881,3371.3039,12577.6454,174.7873973,735.1338698,318233,103.687,16.2841523,42.45121822,51.95144715,40.18,34.188,3.7,150936,7526,12790,107320,99.0943,102.0057,2980.38,20385379,40863.09,19.06189355,8.475221739,8487.364997,215.0212883,59.01565217,47.67154586,75.5,0.315351921,9003955.715
2019/08,99.64264569,102.0120371,103.0048013,98.71122668,39540.37714,38101.36353,4.050096876,3487.494,12876.80156,171.5617623,721.8227927,363193,103.67,17.16176758,41.78886203,52.74889117,38.788,34.683,3.6,151171,7530,12789,107508,99.8016,102.7814,2926.46,20422010,42622.5,19.58659032,8.369809091,8223.460709,213.8452395,49.94909091,49.36266639,64.4,0.326399085,13882423.39
2019/09,100.0859722,101.7376167,102.309215,98.50860879,38108.3403,37632.76035,4.090104685,3181.9307,12858.07003,165.3180702,688.5127329,341906,103.942,17.39686227,41.27410509,52.64948461,39.969,35.95,3.5,151365,7547,12787,107661,99.0494,102.4601,2976.74,20567426,43011.27,19.60990333,8.19711,7917.875205,201.6538289,57.78,48.72930869,51.9,0.317543016,9208798.985
2019/10,99.03813859,101.4118715,101.9842059,96.10670305,37521.92177,37486.14161,4.281034811,3238.0284,12875.02755,163.704364,701.5103828,337313,104.503,17.41916349,39.91154718,52.3129642,38.752,30.351,3.6,151460,7553,12733,107787,98.1959,101.5878,3037.56,20727424,43337.28,19.36886452,7.998604348,8609.661898,208.4133736,48.8226087,48.8922976,60.5,0.333417279,11028801.98
2019/11,99.28404688,101.1570592,102.7354837,96.99672621,37740.16955,36917.69278,4.368534926,3006.514,12975.01094,199.3629973,694.6700273,322032,105.346,17.62870868,39.64740015,52.19333462,35.706,30.485,3.6,151668,7541,12777,107936,99.0889,102.1494,3140.98,20803652,42820.18,19.30748,7.872655,8037.599736,244.7005261,50.6147619,49.09771288,71.2,0.333498566,9596712.359
2019/12,99.05772868,100.9906879,103.0953221,96.22381486,37750.67045,36760.18248,3.879986936,3197.7419,13168.28728,238.6088386,733.4091883,224869,105.934,17.98551581,39.14465639,51.78641981,36.158,29.491,3.6,151795,7527,12760,108089,99.1762,101.9421,3230.78,20421442,43541.02,19.16931935,7.696525,9459.996233,274.1816655,54.99,48.48717466,71.9,0.317956673,6902150.591
2020/01,99.9332206,100.8640648,102.6175966,97.40462925,38728.92994,37248.89364,4.246893604,2676.6263,13200.02515,173.8217112,667.0713093,342142,106.447,16.68112653,38.01724659,52.03994827,41.95,31.194,3.6,152031,7575,12745,108251,98.8309,101.3372,3225.52,20490397,44108.31,18.81445484,7.530281818,8584.371821,223.5939234,54.06913043,50.25022905,70.5,0.314057318,1732131.989
2020/02,98.94353355,100.7255311,100.8883045,96.7367155,37927.87409,36295.47798,4.665903976,2803.4988,13332.37323,149.8246266,677.150603,348436,106.889,14.7250141,35.25951214,52.35537399,42.077,35.868,3.5,152292,7610,12743,108398,99.0603,101.6718,2954.22,20613536,41324.31,18.77705172,7.390531579,7493.400066,204.2934354,45.6645,49.56361622,75.4,0.332893716,1191854.545
2020/03,95.60615523,100.5629027,98.53672881,93.6012469,36514.44659,34604.95688,4.096186242,4147.1146,13523.31719,162.1098962,644.3240097,282759,106.838,14.020939,29.19213345,49.2804517,27.601,25.309,4.4,150895,7541,12684,107165,94.5462,97.606,2584.59,20482943,34554.53,21.97383871,7.10067619,9851.962442,210.2688552,23.40318182,37.78969756,46.2,0.253823991,1862980.815
2020/04,77.64681113,98.54727587,78.18087333,69.8507864,22598.78116,26769.62053,5.301984454,2982.6531,13850.49757,122.5462577,447.0623555,6373,105.755,0.285968703,15.07181983,42.36867637,11.525,9.035,14.8,130424,6522,11382,89992,79.9564,84.6812,2912.43,19927696,36470.11,24.23988333,6.53773,8664.407344,151.8659932,12.43,34.02922603,1.5,0.130222715,788989.5957
2020/05,76.14800493,98.40897385,78.34244646,69.77549832,18205.80654,21816.4899,5.381064007,3541.8263,13922.69714,140.1258067,473.101604,26973,106.162,0.205447766,13.25139428,39.24438883,8.725,8.311,13.2,133040,7004,11610,92438,83.5072,86.0108,3044.31,19583170,36122.73,23.58031935,5.99545,7779.469229,183.448107,24.08619048,37.21436198,1.1,0.133156699,3515834.403
2020/06,85.16810474,98.36467426,85.50738261,84.90788655,31910.36388,27200.69147,6.372990257,3630.6225,13819.98094,141.1770463,535.3122862,262261,106.743,0.389617145,16.41310169,51.8195086,10.614,10.782,11,137671,7159,11950,96571,90.0799,91.6745,3100.29,19499859,37716.43,22.26917667,5.648704545,8503.59945,185.9702861,33.48,42.40704162,2.9,0.156850936,2668702.749
2020/07,89.53109772,98.46562744,91.44875021,88.64531813,34856.70564,28264.44428,6.281678775,3629.1537,13937.89064,163.4262165,557.7113711,314795,107.444,9.108209135,18.51993067,52.24410358,17.513,13.767,10.2,139255,7196,11973,98003,93.2606,95.0037,3271.12,19495952,37019.68,22.48029677,5.231469565,8833.822194,207.6023779,37.4273913,47.04945404,12.7,0.174754892,967619.4569
2020/08,92.16720376,98.73864416,94.86841682,92.03831311,38052.66516,30924.55639,6.17750856,3654.1707,13957.17267,171.047077,552.2481282,314636,107.867,8.676994976,18.97399985,52.66692944,18.568,13.387,8.4,140819,7226,11999,99033,94.5815,95.9294,3500.31,19588342,36840.73,22.23106774,4.967419048,8456.333458,216.633115,40.2747619,47.96547758,16.4,0.18257783,1041076.274
2020/09,94.64466375,99.20533135,96.71447289,94.19018483,37875.68745,32989.66445,6.113905029,3673.8419,13955.81881,169.61634,560.5829348,325521,108.114,9.998012437,21.95241508,52.32877671,16.187,13.627,7.8,141770,7253,12057,99970,94.5228,95.8914,3363,19702192,37458.69,21.60516,4.720285714,8955.847595,206.8625892,37.60272727,50.16979871,19.8,0.201930231,3392086.989
2020/10,95.64145423,99.77889028,96.31363469,95.19322825,40130.83643,33538.78332,5.891207892,3715.2525,13971.01946,172.708104,578.6306601,362217,108.774,11.44780489,22.08203312,53.07982488,22.473,17.354,6.9,142461,7301,12086,100713,95.3386,96.5256,3269.96,19902833,36987.86,21.38084516,4.532459091,9457.679971,222.6782415,36.46272727,48.58965109,28.1,0.20013443,2165325.599
2020/11,96.38221916,100.3500501,98.32209862,95.92112854,39090.02345,36112.82079,5.867190428,3491.9473,14229.58741,209.7298732,559.6877499,324675,108.856,12.0012828,23.53628285,52.69150569,22.72,17.156,6.7,142731,7321,12118,101055,95.9419,96.9529,3621.63,20051552,41778.87,20.5333,4.498610526,8877.378089,260.0563653,39.19714286,49.84360875,33.9,0.20903434,4221339.262
2020/12,96.08304765,100.8335323,97.98084861,95.51823717,40359.07071,36704.8163,5.181624092,3757.2255,14384.78764,229.5417027,607.5463258,266463,109.271,12.51690784,24.574088,53.58465081,23.775,14.213,6.7,142548,7357,12153,100803,96.6674,98.2039,3756.07,19773732,44066.88,19.97817419,4.485686364,10729.2769,283.4023751,45.64,48.77502032,35.3,0.204821006,1929462.122
2021/01,96.10682145,101.2214391,100.262408,94.67690197,40316.05091,37828.71693,6.346018016,3392.8085,14520.44233,162.8709434,506.6855175,291284,110.21,13.57704506,23.69985916,53.76009162,25.409,13.684,6.4,142913,7358,12145,101088,97.6118,98.8135,3714.24,19821651,42985.73,19.90261613,4.468395,8653.837822,237.4809391,50.86952381,48.81566092,25.69,0.183926887,831777.3358
2021/02,95.59888503,101.4763557,102.3777793,93.73581833,38138.30001,36129.44329,5.610890477,3264.1015,14457.88614,150.4239251,521.9755754,249082,110.907,14.55311102,23.05873821,52.55140837,25.833,17.547,6.2,143422,7293,12179,101647,93.5661,95.5072,3811.15,19936938,44592.91,20.29247857,4.362863158,8314.997231,213.2515906,57.66,49.86050924,25.09,0.191370903,730056.5749
2021/03,97.35592603,101.6055947,106.4061218,95.85103814,40003.76083,44000.40286,5.73143808,4275.0937,14533.33276,176.3755671,589.3846831,319640,111.824,15.79476836,26.1609119,52.88857974,26.977,19.059,6.1,144246,7399,12232,102205,96.5339,98.1929,3972.89,20025709,47246.26,20.76205161,4.283331818,10645.62651,248.7127887,60.97869565,49.68488454,35.07,0.211024896,857634.9707
2021/04,97.26101854,101.7216282,105.0138768,95.6167118,39929.32655,39125.23728,6.045398934,4167.7596,14566.12673,183.2066553,566.6479776,282032,112.19,16.00297126,28.62777234,53.04444284,29.709,21.247,6.1,144611,7401,12191,102555,96.603,98.3317,4181.17,20070483,48009.72,20.10944,4.28445,9337.05722,237.9942776,59.37818182,51.60854725,42.09,0.217675124,765706.5849
2021/05,97.26857757,101.8919107,105.7081166,95.10175133,40736.83744,41079.69395,5.231879535,4677.3251,14668.04461,191.2717261,570.1953219,254260,112.419,17.57953327,30.34204699,51.51995336,29.815,23.298,5.8,145032,7389,12219,102958,97.7028,99.1867,4204.11,20109444,50885.95,19.99876774,4.28512381,9742.63663,267.2900379,62.54809524,53.46741237,45.17,0.22974296,4376287.44
2021/06,97.11081327,102.0949931,105.2856013,94.88069167,40932.67783,41080.25357,5.115337469,4605.3268,14530.75557,173.788944,576.0572346,285009,113.018,20.34153165,33.18249464,53.37318562,33.569,26.032,5.9,145828,7392,12249,103623,97.798,99.6483,4297.5,20175380,50289.75,20.04271667,4.31705,10624.73176,252.8829877,67.58181818,53.63108101,54.17,0.232375523,1207467.018
2021/07,96.75930811,102.2778372,105.8157496,95.07574689,40902.72086,43751.11978,5.345166572,4616.2582,14687.09421,191.5355257,576.1713795,248356,113.682,22.10499987,35.12230937,53.82661079,34.561,25.565,5.4,146759,7417,12303,104422,98.6215,100.0668,4395.26,20291923,50868.32,19.98552258,4.519322727,10277.93469,270.5355011,68.49954545,52.90949769,57.46,0.234574438,1856912.236
2021/08,96.0199459,102.4294068,106.3435408,95.4137876,40487.05485,42763.92827,5.227576944,4776.7196,14738.44085,181.9940899,549.808495,253854,113.899,19.29471216,33.29395874,54.31873772,31.189,24.727,5.1,147246,7431,12349,104802,98.2652,100.0412,4522.68,20420823,53304.74,20.05124839,4.645490909,10068.76513,266.2826093,64.31090909,51.19274202,49.59,0.229703362,2949220.96
2021/09,95.81829447,102.5283509,107.1276501,94.29168945,41072.63383,42746.24584,5.177085871,4436.0128,14791.26508,189.8006845,552.3491283,220449,114.601,18.48231968,33.54554963,54.98766685,34.263,26.489,4.7,147712,7478,12391,105198,97.3096,98.9955,4307.54,20594919,51385.55,19.99092,4.74612381,9870.639485,258.416658,67.59590909,51.51861949,43.86,0.229413425,1894540.629
2021/10,96.49198203,102.5997818,107.4309309,95.47316557,41536.36242,43902.55952,4.93521926,4854.0866,14886.45386,196.1964061,573.04038,271484,115.561,19.07767144,35.92842158,54.62335754,30.222,31.374,4.5,148569,7520,12454,105983,98.7064,100.3542,4605.38,20767587,51309.84,20.47244194,4.975090476,10054.28414,275.7476085,76.48619048,52.67138986,54.17,0.246260567,1795161.466
2021/11,97.05203676,102.7099663,108.2000723,95.94479922,44976.4218,45178.16672,4.797403985,4689.3135,15128.75712,233.219619,632.0466548,269951,116.884,21.41063891,36.22986497,54.89930561,37.109,33.005,4.2,149206,7565,12498,106527,99.6303,101.2684,4567,20933050,49698.72,20.78256,5.125545,10503.6751,317.2770038,74.70227273,50.61636452,66.08,0.252083009,924460.971
2021/12,97.67042056,102.9315885,108.3553389,97.35328999,45203.78667,47086.60294,4.807384809,4767.7923,15300.18302,266.2683751,685.2395023,249471,117.308,22.71369612,37.58656233,55.1279237,36.553,39.214,3.9,149781,7601,12532,106998,99.7196,101.1948,4766.18,20620148,53272.44,20.9853,5.442573913,12784.70947,352.8854999,66.73652174,52.32400354,69.31,0.265812742,1703857.767
2022/01,98.17803994,103.2546912,107.7916162,98.58309938,41748.24419,45163.42629,4.808356067,3935.0868,15172.2487,200.4941313,565.556357,288552,118.002,22.37547838,35.99492409,53.1163381,35.47,29.051,4,150006,7586,12560,107227,99.0901,101.2146,4515.55,20762419,51330.85,20.48353548,5.723766667,10235.18681,290.8178694,77.85142857,48.90743912,60.12,0.231132916,941663.5057
2022/02,98.58909369,103.6588516,110.2128385,98.64798629,48789.08087,48216.4831,5.350282673,3928.4852,15289.22737,171.3328507,607.5913668,283604,118.981,25.28898206,41.87382257,52.31312908,35.813,32.744,3.8,150875,7667,12608,107978,99.9974,101.8458,4373.94,20941286,53400.61,20.48437143,6.022657895,9838.121807,263.7551362,86.378,51.24122492,65.78,0.248651449,2688197.719
2022/03,98.93370782,104.0133978,113.6633829,99.40450964,47561.18552,49250.89756,4.373537856,4712.0937,15340.31076,195.6005039,693.743183,322016,120.159,26.07474052,37.7668113,54.24473737,35.722,31.766,3.7,151346,7695,12676,108343,100.925,102.6732,4530.41,21005852,56536.68,20.60089355,6.334718182,11994.77192,301.6106359,103.8865217,52.58647792,73.16,0.26644418,1485153.607
2022/04,99.93342115,104.1835736,111.7523841,99.99574481,48411.76763,50723.73751,4.136265269,4749.1098,15402.53501,213.2525468,700.2499066,266907,120.809,28.78781979,38.88259817,50.93857081,39.155,37.946,3.7,151651,7699,12725,108550,100.9186,102.9024,4131.93,21011342,51417.97,20.04451667,6.731826316,10195.68634,295.5099424,98.96428571,52.4195957,74.5,0.274309767,1713442.672
2022/05,99.78691635,104.1260201,113.1900266,99.7042,48316.84336,51356.63525,4.19673539,5173.7153,15519.23238,217.2846808,709.3323072,288923,121.022,20.32766324,40.62210044,52.88408732,38.296,39.538,3.6,151892,7737,12739,108713,100.7136,102.9659,4132.15,21008487,51752.53,20.1133129,7.013790909,11781.88337,330.1699155,106.1031818,52.28069228,71.19,0.265950472,6850228.231
2022/06,99.54557415,104.0058207,113.4869409,99.14250183,49163.27588,53807.69592,4.215812854,5150.2223,15479.20516,191.6892052,721.3440867,302693,122.044,28.08009402,41.11617432,51.33129649,42.662,35.08,3.6,152353,7760,12768,109092,100.3815,102.8224,3785.38,21068708,47524.45,19.96649667,7.421636364,12169.22883,305.8415784,109.8404545,51.78412821,71.09,0.256678054,
2022/07,100.055598,103.9654249,113.3826289,99.69877675,47748.57043,52958.41147,4.01753604,5342.837,15768.02257,218.7335703,700.8150777,276320,122.948,24.69806582,39.41831331,51.77011863,44.7,32.525,3.5,153049,7789,12800,109564,100.5031,103.0505,4130.29,21079434,48144.33,20.53080968,8.037290476,11293.80724,326.6765457,96.16047619,52.51921434,73.5,0.248630961,
2022/08,100.6282011,104.0272742,114.9648435,100.13528,48704.69623,51824.3279,4.02628181,5160.1441,15703.56573,207.4732625,680.9232646,337012,123.803,26.69276544,41.05404106,50.90691952,40.781,24.13,3.6,153286,7799,12826,109780,100.744,103.1703,3955,21236866,44919.22,20.12612903,8.498047826,12552.86259,324.6454199,87.26608696,52.39731345,68.14,0.263398046,
2022/09,100.6748395,104.1596627,114.5600948,99.52727685,51549.87144,51645.59432,3.875441634,5078.5862,15728.66384,209.9195571,675.3496862,292224,124.571,28.94123345,39.55854342,50.57728313,39.416,30.211,3.5,153513,7827,12848,109944,100.9433,103.5326,3585.62,21409356,44626.8,20.06400667,8.891095238,11777.71414,306.7002965,80.35318182,51.60031434,60.61,0.260366617,
2022/10,101.1636304,104.294876,115.5106883,100.2299522,48730.28713,50692.11128,4.141889307,5404.6702,15757.09474,220.5247605,648.0192774,295787,125.276,28.0702869,40.02828531,52.79605494,36.812,39.831,3.6,153913,7846,12883,110258,101.0181,103.4442,3871.98,21617326,49922.3,20.02421935,9.562538095,11759.64558,326.7220427,81.18047619,51.95005685,68.7,0.269698411,
2022/11,101.5830875,104.3225352,114.8422336,100.7033941,48133.44262,48976.92418,3.766404085,4853.746,16048.73335,253.2765062,672.0703615,296316,125.997,24.4107368,40.11054656,51.64096771,35.156,38.237,3.6,154210,7864,12896,110452,100.3051,103.1058,4080.11,21718601,51684.86,19.49753333,9.998965,12280.60087,372.0324794,77.61181818,53.05013076,75.81,0.265205931,
2022/12,102.3672142,104.2125583,116.115922,102.2991481,48212.52638,50178.3802,3.846041512,5379.1316,16442.01202,297.9543117,672.8813932,258747,126.478,15.79595025,38.91054736,51.05849828,35.14,33.678,3.5,154336,7892,12889,110556,98.441,101.8266,3839.5,21372896,48463.86,19.56903226,10.52537619,14372.45866,431.155902,66.09318182,53.13923253,75.39,0.245941196,
2023/01,102.243309,104.0164602,117.0833606,101.7281995,51144.5446,51157.00978,3.582144372,4434.7719,16403.84148,228.1623214,625.144101,298834,127.336,35.68000399,39.61396124,52.27922682,39.423,35.036,3.5,154780,7922,12897,110835,100.2508,102.7476,4076.6,21484595,54564.27,19.04963548,10.78088636,12369.50128,387.6223467,67.79409091,52.19233347,76.31,0.247206351,
2023/02,102.2665082,103.7980766,116.6246901,101.9062706,47185.88832,49979.54095,3.46962842,4346.1517,16399.93519,187.4381387,641.4816456,312699,128.046,37.36500656,42.4519844,52.41227436,39.855,44.483,3.6,155086,7947,12900,111057,100.2323,102.8003,3970.15,21660469,52758.06,18.63901071,11.10147368,11157.52884,342.6864468,67.1015,52.26976315,80.02,0.282642139,
2023/03,101.5062248,103.6555982,116.0711082,101.6267816,49402.57395,49680.49086,3.371333131,5189.392,16638.56883,209.0969387,646.8554756,368327,128.389,31.27020773,42.5666898,52.30108658,34.435,48.252,3.5,155171,7931,12890,111130,99.6408,102.8143,4109.31,21796280,53904,18.41748387,11.33662727,13637.67213,386.533739,63.32391304,53.01439482,74.99,0.287322435,
2023/04,103.1636671,103.642563,117.1402819,102.3218593,48275.29633,50863.38285,3.815404668,5006.8015,16726.21861,232.8717811,620.329963,312107,128.363,44.93524316,42.64111539,52.70988243,39.855,49.738,3.4,155387,7955,12889,111271,100.3856,103.2241,4169.48,21820291,55121.22,18.08190667,11.52828889,10926.2654,373.9259829,70.5055,52.20940965,71.96,0.294357712,
2023/05,103.1468406,103.7361745,116.857586,103.0357732,49174.86539,50037.19413,3.409202278,5675.8614,16808.5121,225.9760681,644.7768673,367127,128.084,40.31713734,41.24724636,52.63068211,43.897,52.472,3.6,155614,7965,12874,111438,100.2887,102.9809,4179.83,21862909,52736.26,17.78254516,11.53552273,13029.6472,406.8025238,63.55347826,51.40230248,69.86,,
2023/06,103.5908596,103.8082981,118.9132745,103.3378263,50052.05486,50151.12086,3.124545384,5584.4913,16915.78295,215.4586667,667.5207085,351265,128.214,36.11034,43.78164314,52.84251858,44.311,48.922,3.6,155871,8006,12877,111565,99.6499,102.3809,4450.38,21887307,53526.1,17.30312,11.50109091,13135.35648,402.8543227,64.61045455,51.63645231,69.54,,
2023/07,103.5526693,103.7756145,118.8066204,103.3137863,49470.81071,49353.09119,3.420409733,5668.486,17045.33969,238.8570588,658.170459,312141,128.832,38.76014844,44.85592348,50.17465488,42.947,50.963,3.5,156019,8014,12863,111680,99.9367,103.0722,4588.96,21885139,54819.05,16.95423871,11.5008619,12874.31128,416.1210807,70.90904762,52.28882091,73.12,,
2023/08,104.030947,103.6077359,118.0561749,103.4184389,50243.4571,49621.91958,3.322731925,5568.2516,17050.29666,219.9216582,669.5062497,345096,129.545,36.91307997,44.60584043,51.77804863,45.627,52.829,3.7,156176,8039,12856,111772,99.9923,103.0951,4507.66,21996875,53020.98,16.98609355,11.49977826,13255.70876,409.8371907,78.0273913,52.77027668,64.67,,
2023/09,104.8350312,103.3612204,118.3736258,104.2281461,50466.67611,51283.09843,3.329788376,5616.5469,17166.79095,226.2932825,660.2949204,356243,130.12,38.24199535,45.8492087,51.58896501,44.237,52.456,3.8,156334,8049,12869,111838,100.1002,103.3081,4288.05,22129433,50874.98,17.23998333,11.50325238,12579.4052,392.1507566,85.57809524,53.30199643,56.58,,
2023/10,105.0942173,103.1026677,118.8855454,106.3708249,49611.1924,49831.23523,3.284666645,5817.8255,17327.81669,234.6383451,650.4222262,396885,130.609,38.26979785,45.44756713,48.8719318,43.249,49.717,3.9,156520,8076,12836,111963,99.3166,102.5781,4193.8,22302690,49061.88,18.0542,11.50336818,13314.15536,413.2886285,81.34272727,53.00062166,64.44,,
2023/11,104.2865761,102.8635682,119.4980771,103.9560085,49010.17721,49220.60898,3.366658145,4913.0678,17719.9828,274.5517328,668.832638,347193,131.445,33.77012122,45.63531298,48.70967564,45.802,51.737,3.7,156661,8085,12858,112031,99.8694,102.8868,4567.8,22409268,54060.01,17.47066333,11.505175,13063.83037,471.7865261,73.57818182,52.29471663,73.28,,
2023/12,104.1330776,102.5928534,118.1678518,103.9715425,50401.09748,48818.64115,3.309108002,5497.0246,18023.06288,323.2804282,687.4268494,234047,132.373,35.43419812,46.99953517,49.96389726,44.303,48.1055,3.8,156930,8099,12865,112222,99.8251,102.6309,4769.83,22024386,57386.25,17.21927419,11.50419474,14107.43339,525.5609656,67.9285,51.95662912,76.96,,
2024/01,103.2295314,102.2877041,115.8164379,103.3789731,48904.61249,48944.62621,3.355333628,4573.2226,17996.34646,243.449197,631.2440742,322677,133.555,34.29345557,47.08099771,51.13181126,40.419,51.2895,3.7,157049,8113,12866,112285,98.4489,101.483,4845.65,22133407,57372.76,17.07147419,11.50087273,13585.17681,454.9631642,69.30761905,51.64924712,76.78,,
2024/02,104.7337269,102.0024256,116.9161591,103.1158972,50947.04374,52400.07122,3.284804631,4494.8384,18289.07205,210.4930297,653.7386216,338620,133.681,26.35917189,47.01340749,53.58460436,41.451,47.2195,3.9,157271,8136,12853,112425,99.8476,102.7267,5096.27,22289810,55414,17.1026069,11.495745,12898.97193,425.4114569,72.065,52.35254375,81.65,,
2024/03,104.8196784,101.8276931,116.7583681,103.6398577,50768.30905,51961.45111,3.394401777,5014.5816,18413.53828,231.888505,660.5366822,320412,134.065,33.42352554,48.65887839,52.44195847,43.349,43.177,3.9,157517,8170,12838,112571,100.0599,102.5186,5254.35,22289345,57369.01,16.81916129,11.44117778,13002.24371,458.1347139,74.85722222,51.5182378,80.39,,
2024/04,104.2239699,101.7832835,117.0794892,103.0486407,49601.72771,51665.83594,3.274845523,5418.8526,18321.67863,241.0222934,670.0659306,373547,134.336,30.22851765,47.92754538,51.48612045,41.341,43.2445,3.9,157635,8173,12847,112695,99.3696,102.3568,5035.69,22374202,56727.98,16.78255667,11.2467,14542.20908,432.5848311,77.85904762,50.36110957,75.44,,
2024/05,104.9283983,101.8039691,117.0264508,103.6501692,51817.45656,50819.83898,3.306136634,5618.1155,18588.02331,251.0594116,696.7833681,377785,134.087,28.11953178,48.06783745,51.59388835,38.594,44.94885256,4,157828,8188,12849,112844,100.0424,102.9797,5277.51,22348999,55179.24,16.80727742,11.23963182,14249.14759,487.9847047,74.056,50.4181349,69.9,,
2024/06,104.9872329,101.8028799,116.4246562,104.0245198,50231.12725,51802.26235,3.424568228,6206.8793,18772.7097,229.2480213,670.9964271,366256,134.594,29.05767258,45.49223826,49.40698387,38.824,40.68673056,4.1,157915,8203,12839,112906,99.9935,103.2534,5460.48,22319444,52440.02,18.04190333,11.244945,13821.01356,459.4059169,73.50111111,51.06059173,71.34,,
2024/07,105.6901992,101.7341845,117.0548923,104.1644063,52984.77667,52028.63605,3.30028039,5592.7573,18841.80773,248.4113412,689.2553235,323826,136.003,32.40628954,44.77793739,48.15569283,38.075,40.93470718,4.2,158003,8214,12840,112934,99.3588,102.5192,5522.3,22331788,53093.97,18.07059355,11.24556522,14835.87682,491.4260498,74.85190476,50.83558266,71.61,,
2024/08,105.3847374,101.5898267,117.1079907,103.5793227,51454.57399,54115.97239,3.211657697,6082.1121,19153.93759,238.3950775,688.2291399,374384,136.013,36.91283567,46.41609142,52.91941765,36.506,38.68183397,4.2,158074,8237,12800,112985,99.927,103.0196,5648.4,22389835,51985.87,19.0583129,11.08025,13918.60832,491.829,70.48619048,50.32763576,63.86,,
2024/09,105.5212576,101.4024909,117.2507176,104.1569597,50983.23946,51058.50449,3.198806245,5358.4246,19354.24758,241.0023459,659.1438954,395443,136.08,26.39291389,43.43012653,51.25901183,33.187,32.31961639,4.1,158314,8267,12800,113161,99.5788,102.5873,5762.48,22480803,52477.3,19.63967667,10.95005,13714.02867,465.8598077,64.67526316,49.54181486,55.5,,
2024/10,104.7881843,101.2114478,116.9100501,102.8238313,52737.04217,52396.50871,2.778425698,5722.7442,19451.67333,244.727794,659.2665879,399402,136.828,28.5382712,43.43730597,49.59008273,34.664,31.5264069,4.1,158358,8268,12750,113210,98.9205,102.1219,5705.45,22618942,50661.05,19.67153871,10.73550909,14025.29799,478.3762068,66.7347619,49.13771414,64.04,,
2024/11,105.2039701,101.0821391,116.8291096,102.8524344,52616.64793,53306.79105,3.046254782,5435.1559,19799.28976,295.4176644,668.818973,369733,137.424,28.12835572,43.35271982,50.62772331,34.103,31.68106871,4.2,158619,8274,12770,113426,99.1948,101.9736,6032.38,22643638,49812.64,20.29187,10.605735,14222.80941,551.6642527,64.49444444,50.39906867,75.88,,
2024/12,,,,101.4454782,51418.14194,52102.21401,2.993309955,5227.7842,20145.40443,336.2116454,668.1786927,240557,137.949,24.49476003,41.54354349,50.3711537,35.611,37.76013693,4.1,158926,8287,12758,113701,99.7468,102.9833,5881.63,22238379,49513.27,20.24379032,10.38072,17074.00934,603.1387776,64.91666667,49.58487386,78.66,,
2025/01,,,,,,,,,,,,326365,138.343,22.80620426,42.61183322,50.37413276,37.257,34.14276574,4,159069,8291,12761,113812,99.5933,103.511,6040.53,22311546,51209.53,20.56437097,10.28252273,15231.72774,520.5978772,70.60777778,49.08941216,,,